demand,cost,k,ratio,target,abs_error,residual
constant,0.0,10,0.36627906976744184,0.36787944117144233,0.001600371404000489,2.7755575615628914e-17
constant,0.0,11,0.3665454545454545,0.36787944117144233,0.0013339866259878264,4.163336342344337e-17
constant,0.0,12,0.36620164870006344,0.36787944117144233,0.0016777924713788916,4.163336342344337e-17
constant,0.0,13,0.36630036630036633,0.36787944117144233,0.0015790748710760028,8.326672684688674e-17
constant,0.0,14,0.36702428006775834,0.36787944117144233,0.000855161103683999,6.938893903907228e-18
constant,0.0,15,0.3674540682414698,0.36787944117144233,0.00042537292997252285,4.163336342344337e-17
constant,0.0,16,0.36654533026646985,0.36787944117144233,0.0013341109049724853,2.220446049250313e-16
constant,0.0,17,0.3674304956469422,0.36787944117144233,0.0004489455245001439,4.440892098500626e-16
constant,0.0,18,0.36803852696224626,0.36787944117144233,0.0001590857908039256,1.0408340855860843e-16
constant,0.0,19,0.36681985485246105,0.36787944117144233,0.001059586318981287,2.220446049250313e-16
constant,0.0,20,0.3677500054861858,0.36787944117144233,0.00012943568525652926,5.204170427930421e-17
constant,0.0,21,0.36776083934065884,0.36787944117144233,0.00011860183078349351,2.220446049250313e-16
constant,0.0,22,0.36707519867854765,0.36787944117144233,0.0008042424928946801,9.020562075079397e-17
constant,0.0,23,0.36795537575016574,0.36787944117144233,7.593457872340226e-05,4.440892098500626e-16
constant,0.0,24,0.36765508682955644,0.36787944117144233,0.00022435434188589065,2.220446049250313e-16
constant,0.0,25,0.36730096801501705,0.36787944117144233,0.0005784731564252854,1.7780915628762273e-16
constant,0.0,26,0.3677371688963401,0.36787944117144233,0.00014227227510221763,1.942890293094024e-16
constant,0.0,27,0.3676366394494001,0.36787944117144233,0.0002428017220422185,2.220446049250313e-16
constant,0.0,28,0.3674976838434533,0.36787944117144233,0.0003817573279890074,2.636779683484747e-16
constant,0.0,29,0.3676303582271246,0.36787944117144233,0.0002490829443177467,9.71445146547012e-17
constant,0.0,30,0.36766367932914873,0.36787944117144233,0.00021576184229360473,5.898059818321144e-17
constant,0.0,31,0.3676687534521467,0.36787944117144233,0.00021068771929561025,5.551115123125783e-17
constant,0.0,32,0.36758941259510725,0.36787944117144233,0.0002900285763350885,1.1102230246251565e-16
constant,0.0,33,0.36771433072224735,0.36787944117144233,0.00016511044919498286,5.724587470723463e-17
constant,0.0,34,0.36781797994175813,0.36787944117144233,6.146122968420098e-05,3.469446951953614e-17
constant,0.0,35,0.36758820201054176,0.36787944117144233,0.00029123916090056934,1.196959198423997e-16
constant,0.0,36,0.3677766776742594,0.36787944117144233,0.00010276349718291167,1.1102230246251565e-16
constant,0.0,37,0.3679007786528969,0.36787944117144233,2.1337481454553053e-05,2.3592239273284576e-16
constant,0.0,38,0.36761115349325,0.36787944117144233,0.0002682876781923138,1.3877787807814457e-16
constant,0.0,39,0.36784405339298987,0.36787944117144233,3.538777845246699e-05,1.3322676295501878e-15
constant,0.0,40,0.36783585956791554,0.36787944117144233,4.358160352679885e-05,1.0408340855860843e-16
constant,0.0,41,0.36764870860879545,0.36787944117144233,0.0002307325626468848,3.95516952522712e-16
constant,0.0,42,0.3679014681598625,0.36787944117144233,2.2026988420187354e-05,4.85722573273506e-17
constant,0.0,43,0.36780281990284613,0.36787944117144233,7.662126859619978e-05,1.1102230246251565e-16
constant,0.0,44,0.3676948666331348,0.36787944117144233,0.0001845745383075581,5.551115123125783e-17
constant,0.0,45,0.3678302168827026,0.36787944117144233,4.9224288739713185e-05,2.220446049250313e-16
constant,0.0,46,0.36779184632602296,0.36787944117144233,8.75948454193698e-05,6.591949208711867e-16
constant,0.0,47,0.36774579751079045,0.36787944117144233,0.00013364366065188316,2.220446049250313e-16
constant,0.0,48,0.36778705947384716,0.36787944117144233,9.238169759517856e-05,5.134781488891349e-16
constant,0.0,49,0.36779623986986454,0.36787944117144233,8.320130157779548e-05,3.885780586188048e-16
constant,0.0,50,0.36779903001761577,0.36787944117144233,8.041115382656505e-05,8.326672684688674e-17
constant,0.0,51,0.3677643770335675,0.36787944117144233,0.00011506413787482073,5.724587470723463e-17
constant,0.0,52,0.36781134893635076,0.36787944117144233,6.809223509157691e-05,2.220446049250313e-16
constant,0.0,53,0.3678529618075511,0.36787944117144233,2.6479363891218632e-05,6.938893903907228e-17
constant,0.0,54,0.367756713813229,0.36787944117144233,0.00012272735821333702,1.249000902703301e-16
constant,0.0,55,0.36783389737390093,0.36787944117144233,4.554379754140303e-05,2.220446049250313e-16
constant,0.0,56,0.36788882578955184,0.36787944117144233,9.38461810950919e-06,3.3306690738754696e-16
constant,0.0,57,0.36776010864722297,0.36787944117144233,0.00011933252421936213,5.724587470723463e-17
constant,0.0,58,0.36786155063446385,0.36787944117144233,1.7890536978482086e-05,2.220446049250313e-16
constant,0.0,59,0.3678592000117846,0.36787944117144233,2.0241159657707897e-05,4.440892098500626e-16
constant,0.0,60,0.36777165109209375,0.36787944117144233,0.00010779007934857976,2.220446049250313e-16
constant,0.0,61,0.3678922631841085,0.36787944117144233,1.2822012666169336e-05,4.440892098500626e-16
constant,0.0,62,0.36784227027795163,0.36787944117144233,3.717089349070113e-05,3.7296554733501353e-16
constant,0.0,63,0.3677891808007869,0.36787944117144233,9.026037065545944e-05,2.220446049250313e-16
constant,0.0,64,0.3678565692528041,0.36787944117144233,2.287191863825644e-05,2.220446049250313e-16
constant,0.0,65,0.3678351785359257,0.36787944117144233,4.4262635516656434e-05,6.661338147750939e-16
constant,0.0,66,0.3678110802507857,0.36787944117144233,6.836092065665156e-05,4.163336342344337e-17
constant,0.0,67,0.3678329534000167,0.36787944117144233,4.648777142562954e-05,8.673617379884035e-17
constant,0.0,68,0.36783572936978676,0.36787944117144233,4.371180165557709e-05,2.3158558404290375e-16
constant,0.0,69,0.36783612953787226,0.36787944117144233,4.3311633570075614e-05,1.6653345369377348e-16
constant,0.0,70,0.3678189503523248,0.36787944117144233,6.049081911752019e-05,4.440892098500626e-16
constant,0.0,71,0.36784222253223936,0.36787944117144233,3.721863920297386e-05,3.469446951953614e-17
constant,0.0,72,0.3678634031787675,0.36787944117144233,1.6037992674855506e-05,1.1102230246251565e-16
constant,0.0,73,0.36781262078619437,0.36787944117144233,6.682038524796763e-05,2.5326962749261384e-16
constant,0.0,74,0.36785333174303164,0.36787944117144233,2.6109428410692193e-05,1.5543122344752192e-15
constant,0.0,75,0.3678857302801727,0.36787944117144233,6.289108730350712e-06,9.367506770274758e-17
constant,0.0,76,0.36781242822559523,0.36787944117144233,6.701294584710027e-05,5.551115123125783e-16
constant,0.0,77,0.3678680158786901,0.36787944117144233,1.1425292752220706e-05,2.220446049250313e-16
constant,0.0,78,0.3678685008220581,0.36787944117144233,1.0940349384258585e-05,1.1796119636642288e-16
constant,0.0,79,0.3678171475705173,0.36787944117144233,6.229360092502301e-05,3.903127820947816e-17
constant,0.0,80,0.36788545315736954,0.36787944117144233,6.011985927201202e-06,7.632783294297951e-17
constant,0.0,81,0.36785799237308714,0.36787944117144233,2.1448798355194754e-05,2.220446049250313e-16
constant,0.0,82,0.36782579640439134,0.36787944117144233,5.364476705099763e-05,4.163336342344337e-17
constant,0.0,83,0.36786718596504325,0.36787944117144233,1.2255206399081064e-05,3.3306690738754696e-16
constant,0.0,84,0.3678530099166779,0.36787944117144233,2.6431254764425205e-05,2.220446049250313e-16
constant,0.0,85,0.36783758290239527,0.36787944117144233,4.185826904706813e-05,1.3530843112619095e-16
constant,0.0,86,0.36785215749547007,0.36787944117144233,2.728367597226722e-05,2.706168622523819e-16
constant,0.0,87,0.36785257690382944,0.36787944117144233,2.6864267612891624e-05,1.1796119636642288e-16
constant,0.0,88,0.36785186597190056,0.36787944117144233,2.7575199541773898e-05,2.220446049250313e-16
constant,0.0,89,0.36784263549462914,0.36787944117144233,3.680567681318969e-05,2.688821387764051e-16
constant,0.0,90,0.3678558914822152,0.36787944117144233,2.354968922713141e-05,1.5607090272928836e-16
constant,0.0,91,0.3678681244980866,0.36787944117144233,1.131667335574349e-05,2.0816681711721685e-16
constant,0.0,92,0.36783772412049587,0.36787944117144233,4.171705094646594e-05,2.0122792321330962e-16
constant,0.0,93,0.36786229237561996,0.36787944117144233,1.714879582237483e-05,1.3877787807814457e-16
constant,0.0,94,0.3678843932670957,0.36787944117144233,4.95209565337662e-06,4.440892098500626e-16
constant,0.0,95,0.36783667752400884,0.36787944117144233,4.276364743349692e-05,2.220446049250313e-16
constant,0.0,96,0.3678712320884118,0.36787944117144233,8.209083030508157e-06,1.0408340855860843e-16
constant,0.0,97,0.36787299986086414,0.36787944117144233,6.441310578197967e-06,6.800116025829084e-16
constant,0.0,98,0.36783887226808615,0.36787944117144233,4.056890335618624e-05,4.440892098500626e-16
constant,0.0,99,0.36788225571682637,0.36787944117144233,2.8145453840333623e-06,2.220446049250313e-16
constant,0.0,100,0.36786574237262987,0.36787944117144233,1.369879881246705e-05,2.636779683484747e-16
constant,0.5,10,0.36923076923076914,0.36787944117144233,0.0013513280593268062,6.938893903907228e-18
constant,0.5,11,0.36096256684491973,0.36787944117144233,0.006916874326522604,0.0
constant,0.5,12,0.3571428571428572,0.36787944117144233,0.010736584028585128,6.608470384673574e-19
constant,0.5,13,0.3611632270168855,0.36787944117144233,0.00671621415455681,1.0408340855860843e-17
constant,0.5,14,0.3673469387755103,0.36787944117144233,0.0005325023959320552,1.3530843112619095e-16
constant,0.5,15,0.3658625730994153,0.36787944117144233,0.002016868072027056,6.938893903907228e-18
constant,0.5,16,0.3662790697674419,0.36787944117144233,0.0016003714040004335,0.0
constant,0.5,17,0.36844455786653046,0.36787944117144233,0.0005651166950881303,1.1102230246251565e-16
constant,0.5,18,0.36363636363636365,0.36787944117144233,0.004243077535078688,0.0
constant,0.5,19,0.3638478022265196,0.36787944117144233,0.004031638944922755,2.220446049250313e-16
constant,0.5,20,0.36627906976744184,0.36787944117144233,0.001600371404000489,1.0408340855860843e-17
constant,0.5,21,0.36738800746616895,0.36787944117144233,0.0004914337052733808,2.0816681711721685e-17
constant,0.5,22,0.3665454545454545,0.36787944117144233,0.0013339866259878264,1.7694179454963432e-16
constant,0.5,23,0.3677905564949237,0.36787944117144233,8.888467651863019e-05,2.220446049250313e-16
constant,0.5,24,0.36620164870006344,0.36787944117144233,0.0016777924713788916,1.3877787807814457e-16
constant,0.5,25,0.36538667267250363,0.36787944117144233,0.0024927684989387022,1.5612511283791264e-17
constant,0.5,26,0.3663003663003662,0.36787944117144233,0.0015790748710761138,3.469446951953614e-18
constant,0.5,27,0.36818223516928983,0.36787944117144233,0.0003027939978474947,6.938893903907228e-18
constant,0.5,28,0.36702428006775834,0.36787944117144233,0.000855161103683999,3.909633033982729e-16
constant,0.5,29,0.3673838490077081,0.36787944117144233,0.0004955921637342375,2.220446049250313e-16
constant,0.5,30,0.36745406824146976,0.36787944117144233,0.00042537292997257836,3.642919299551295e-17
constant,0.5,31,0.36633944201037305,0.36787944117144233,0.0015399991610692831,1.1492543028346347e-17
constant,0.5,32,0.3665453302664699,0.36787944117144233,0.0013341109049724298,2.220446049250313e-16
constant,0.5,33,0.36757899289136575,0.36787944117144233,0.00030044828007658175,8.326672684688674e-17
constant,0.5,34,0.3674304956469421,0.36787944117144233,0.00044894552450025493,4.683753385137379e-17
constant,0.5,35,0.3673482481006667,0.36787944117144233,0.0005311930707756485,4.440892098500626e-16
constant,0.5,36,0.36803852696224626,0.36787944117144233,0.0001590857908039256,9.020562075079397e-17
constant,0.5,37,0.3669742320972525,0.36787944117144233,0.0009052090741898389,7.632783294297951e-17
constant,0.5,38,0.3668198548524611,0.36787944117144233,0.0010595863189812316,5.204170427930421e-17
constant,0.5,39,0.3673575064225557,0.36787944117144233,0.0005219347488866211,2.220446049250313e-16
constant,0.5,40,0.3677500054861858,0.36787944117144233,0.00012943568525652926,7.28583859910259e-17
constant,0.5,41,0.36743496015866073,0.36787944117144233,0.0004444810127816057,2.220446049250313e-16
constant,0.5,42,0.3677608393406589,0.36787944117144233,0.000118601830783438,4.5102810375396984e-17
constant,0.5,43,0.3674223687346324,0.36787944117144233,0.0004570724368099244,6.245004513516506e-17
constant,0.5,44,0.36707519867854754,0.36787944117144233,0.0008042424928947911,1.1102230246251565e-16
constant,0.5,45,0.3673069005140599,0.36787944117144233,0.0005725406573824365,5.551115123125783e-17
constant,0.5,46,0.3679553757501656,0.36787944117144233,7.593457872329124e-05,2.220446049250313e-16
constant,0.5,47,0.36756003581869795,0.36787944117144233,0.0003194053527443841,3.469446951953614e-17
constant,0.5,48,0.3676550868295563,0.36787944117144233,0.00022435434188605718,1.1102230246251565e-16
constant,0.5,49,0.36775332740677996,0.36787944117144233,0.00012611376466237223,4.163336342344337e-17
constant,0.5,50,0.3673009680150172,0.36787944117144233,0.0005784731564251189,3.469446951953614e-17
constant,0.5,51,0.3673365042677382,0.36787944117144233,0.0005429369037041609,4.85722573273506e-17
constant,0.5,52,0.3677371688963402,0.36787944117144233,0.0001422722751021066,1.1102230246251565e-16
constant,0.5,53,0.36769230802946623,0.36787944117144233,0.00018713314197610353,1.1102230246251565e-16
constant,0.5,54,0.36763663944940006,0.36787944117144233,0.00024280172204227402,2.220446049250313e-16
constant,0.5,55,0.36792536667656817,0.36787944117144233,4.592550512583227e-05,2.220446049250313e-16
constant,0.5,56,0.3674976838434532,0.36787944117144233,0.00038175732798911843,9.71445146547012e-17
constant,0.5,57,0.36740391349128443,0.36787944117144233,0.0004755276801579056,3.469446951953614e-17
constant,0.5,58,0.36763035822712453,0.36787944117144233,0.0002490829443178022,1.3183898417423734e-16
constant,0.5,59,0.36781987314759823,0.36787944117144233,5.95680238441032e-05,2.7755575615628914e-17
constant,0.5,60,0.36766367932914873,0.36787944117144233,0.00021576184229360473,2.7755575615628914e-17
constant,0.5,61,0.3678095194686763,0.36787944117144233,6.992170276604037e-05,2.220446049250313e-16
constant,0.5,62,0.36766875345214667,0.36787944117144233,0.00021068771929566577,5.551115123125783e-17
constant,0.5,63,0.36748813535773217,0.36787944117144233,0.00039130581371016326,1.1102230246251565e-16
constant,0.5,64,0.36758941259510736,0.36787944117144233,0.00029002857633497747,2.220446049250313e-16
constant,0.5,65,0.36791469919139397,0.36787944117144233,3.525801995163391e-05,4.440892098500626e-16
constant,0.5,66,0.3677143307222475,0.36787944117144233,0.00016511044919481632,2.220446049250313e-16
constant,0.5,67,0.3677564099734083,0.36787944117144233,0.0001230311980340293,1.8041124150158794e-16
constant,0.5,68,0.36781797994175813,0.36787944117144233,6.146122968420098e-05,2.220446049250313e-16
constant,0.5,69,0.3675783998261031,0.36787944117144233,0.0003010413453392591,2.42861286636753e-17
constant,0.5,70,0.36758820201054165,0.36787944117144233,0.00029123916090068036,4.440892098500626e-16
constant,0.5,71,0.3678000869290862,0.36787944117144233,7.93542423561111e-05,4.440892098500626e-16
constant,0.5,72,0.3677766776742595,0.36787944117144233,0.00010276349718285616,1.7520707107365752e-16
constant,0.5,73,0.3677423095079238,0.36787944117144233,0.00013713166351853046,1.6653345369377348e-16
constant,0.5,74,0.36790077865289683,0.36787944117144233,2.1337481454497542e-05,1.1102230246251565e-16
constant,0.5,75,0.36766909386595314,0.36787944117144233,0.00021034730548918912,2.220446049250313e-16
constant,0.5,76,0.36761115349325,0.36787944117144233,0.0002682876781923138,1.1102230246251565e-16
constant,0.5,77,0.36773589387015265,0.36787944117144233,0.00014354730128968152,1.1102230246251565e-16
constant,0.5,78,0.3678440533929904,0.36787944117144233,3.538777845191188e-05,6.245004513516506e-17
constant,0.5,79,0.36775273691775073,0.36787944117144233,0.00012670425369160077,2.7755575615628914e-17
constant,0.5,80,0.36783585956791565,0.36787944117144233,4.358160352668783e-05,2.0816681711721685e-17
constant,0.5,81,0.3677573144256101,0.36787944117144233,0.0001221267458322295,2.220446049250313e-16
constant,0.5,82,0.3676487086087955,0.36787944117144233,0.0002307325626468293,4.163336342344337e-17
constant,0.5,83,0.36770570661311863,0.36787944117144233,0.00017373455832370155,4.440892098500626e-16
constant,0.5,84,0.3679014681598624,0.36787944117144233,2.2026988420076332e-05,2.220446049250313e-16
constant,0.5,85,0.3677786005496172,0.36787944117144233,0.00010084062182513787,4.440892098500626e-16
constant,0.5,86,0.3678028199028461,0.36787944117144233,7.662126859625529e-05,2.220446049250313e-16
constant,0.5,87,0.367841624315842,0.36787944117144233,3.781685560033665e-05,2.220446049250313e-16
constant,0.5,88,0.3676948666331349,0.36787944117144233,0.00018457453830744708,8.760353553682876e-17
constant,0.5,89,0.367698701772736,0.36787944117144233,0.00018073939870633104,3.469446951953614e-17
constant,0.5,90,0.3678302168827027,0.36787944117144233,4.922428873965767e-05,1.43982048506075e-16
constant,0.5,91,0.3678140633566107,0.36787944117144233,6.537781483162419e-05,2.220446049250313e-16
constant,0.5,92,0.3677918463260228,0.36787944117144233,8.759484541953633e-05,7.936359902593892e-17
constant,0.5,93,0.367892478564979,0.36787944117144233,1.303739353664124e-05,3.191891195797325e-16
constant,0.5,94,0.3677457975107905,0.36787944117144233,0.00013364366065182764,1.1102230246251565e-16
constant,0.5,95,0.3677075873525489,0.36787944117144233,0.00017185381889345264,2.463307335887066e-16
constant,0.5,96,0.36778705947384743,0.36787944117144233,9.2381697594901e-05,4.440892098500626e-16
constant,0.5,97,0.3678553127298181,0.36787944117144233,2.412844162424932e-05,1.1102230246251565e-16
constant,0.5,98,0.3677962398698645,0.36787944117144233,8.3201301577851e-05,2.220446049250313e-16
constant,0.5,99,0.3678504685090116,0.36787944117144233,2.8972662430737373e-05,2.220446049250313e-16
constant,0.5,100,0.3677990300176158,0.36787944117144233,8.041115382650954e-05,2.7755575615628914e-17
constant,0.9,10,0.5,0.36787944117144233,0.13212055882855767,0.0
constant,0.9,11,0.5,0.36787944117144233,0.13212055882855767,0.0
constant,0.9,12,0.5,0.36787944117144233,0.13212055882855767,0.0
constant,0.9,13,0.5,0.36787944117144233,0.13212055882855767,0.0
constant,0.9,14,0.5,0.36787944117144233,0.13212055882855767,0.0
constant,0.9,15,0.5,0.36787944117144233,0.13212055882855767,0.0
constant,0.9,16,0.5,0.36787944117144233,0.13212055882855767,0.0
constant,0.9,17,0.5,0.36787944117144233,0.13212055882855767,0.0
constant,0.9,18,0.5,0.36787944117144233,0.13212055882855767,0.0
constant,0.9,19,0.5,0.36787944117144233,0.13212055882855767,0.0
constant,0.9,20,0.5,0.36787944117144233,0.13212055882855767,0.0
constant,0.9,21,0.2619047619047616,0.36787944117144233,0.10597467926668075,0.0
constant,0.9,22,0.2727272727272729,0.36787944117144233,0.09515216844416946,0.0
constant,0.9,23,0.282608695652174,0.36787944117144233,0.08527074551926833,0.0
constant,0.9,24,0.2916666666666668,0.36787944117144233,0.07621277450477554,0.0
constant,0.9,25,0.29999999999999977,0.36787944117144233,0.06787944117144257,0.0
constant,0.9,26,0.30769230769230776,0.36787944117144233,0.06018713347913457,0.0
constant,0.9,27,0.3148148148148145,0.36787944117144233,0.05306462635662784,0.0
constant,0.9,28,0.32142857142857145,0.36787944117144233,0.04645086974287088,0.0
constant,0.9,29,0.3275862068965519,0.36787944117144233,0.040293234274890455,0.0
constant,0.9,30,0.3333333333333333,0.36787944117144233,0.03454610783810902,0.0
constant,0.9,31,0.33870967741935437,0.36787944117144233,0.029169763752087963,0.0
constant,0.9,32,0.34374999999999994,0.36787944117144233,0.02412944117144239,0.0
constant,0.9,33,0.34848484848484856,0.36787944117144233,0.01939459268659377,0.0
constant,0.9,34,0.35294117647058815,0.36787944117144233,0.014938264700854187,0.0
constant,0.9,35,0.35714285714285704,0.36787944117144233,0.010736584028585294,0.0
constant,0.9,36,0.361111111111111,0.36787944117144233,0.00676833006033134,3.469446951953614e-18
constant,0.9,37,0.3648648648648647,0.36787944117144233,0.003014576306577643,0.0
constant,0.9,38,0.36842105263157865,0.36787944117144233,0.0005416114601363153,1.1102230246251565e-16
constant,0.9,39,0.37179487179487164,0.36787944117144233,0.003915430623429306,1.734723475976807e-18
constant,0.9,40,0.37499999999999983,0.36787944117144233,0.0071205588285574994,0.0
constant,0.9,41,0.37003927242662277,0.36787944117144233,0.0021598312551804333,0.0
constant,0.9,42,0.367049009384776,0.36787944117144233,0.000830431786666308,0.0
constant,0.9,43,0.36539031254628945,0.36787944117144233,0.002489128625152881,2.168404344971009e-19
constant,0.9,44,0.3646578140960161,0.36787944117144233,0.0032216270754262255,0.0
constant,0.9,45,0.36458333333333337,0.36787944117144233,0.0032961078381089637,1.734723475976807e-18
constant,0.9,46,0.36498342756872687,0.36787944117144233,0.0028960136027154637,8.673617379884035e-19
constant,0.9,47,0.36572917563958995,0.36787944117144233,0.00215026553185238,0.0
constant,0.9,48,0.36672794117647056,0.36787944117144233,0.001151499994971772,4.336808689942018e-19
constant,0.9,49,0.3679119298726204,0.36787944117144233,3.2488701178057244e-05,0.0
constant,0.9,50,0.36923076923076914,0.36787944117144233,0.0013513280593268062,8.673617379884035e-19
constant,0.9,51,0.3706465589068489,0.36787944117144233,0.0027671177354065546,2.220446049250313e-16
constant,0.9,52,0.37213048731373327,0.36787944117144233,0.004251046142290937,1.1102230246251565e-16
constant,0.9,53,0.36867006939267066,0.36787944117144233,0.0007906282212283289,2.220446049250313e-16
constant,0.9,54,0.3640661938534278,0.36787944117144233,0.003813247318014523,2.220446049250313e-16
constant,0.9,55,0.3609625668449198,0.36787944117144233,0.0069168743265225485,1.1102230246251565e-16
constant,0.9,56,0.35894357743097244,0.36787944117144233,0.008935863740469896,3.469446951953614e-18
constant,0.9,57,0.3577255994428416,0.36787944117144233,0.010153841728600732,1.5178830414797062e-18
constant,0.9,58,0.3571091166745394,0.36787944117144233,0.010770324496902961,0.0
constant,0.9,59,0.3569502102117983,0.36787944117144233,0.010929230959644043,2.8189256484623115e-18
constant,0.9,60,0.35714285714285704,0.36787944117144233,0.010736584028585294,0.0
constant,0.9,61,0.357607548307878,0.36787944117144233,0.010271892863564336,3.0357660829594124e-18
constant,0.9,62,0.35828374569370486,0.36787944117144233,0.009595695477737476,1.734723475976807e-18
constant,0.9,63,0.35912475226311025,0.36787944117144233,0.008754688908332087,1.734723475976807e-18
constant,0.9,64,0.3600941422594142,0.36787944117144233,0.007785298912028116,0.0
constant,0.9,65,0.36116322701688525,0.36787944117144233,0.0067162141545570875,1.734723475976807e-18
constant,0.9,66,0.3623092236230923,0.36787944117144233,0.0055702175483500205,3.0357660829594124e-18
constant,0.9,67,0.3635139103456202,0.36787944117144233,0.004365530825822139,1.734723475976807e-18
constant,0.9,68,0.3647626253073574,0.36787944117144233,0.0031168158640849097,0.0
constant,0.9,69,0.3660435111740115,0.36787944117144233,0.0018359299974308185,8.673617379884035e-19
constant,0.9,70,0.36734693877550967,0.36787944117144233,0.0005325023959326658,8.673617379884035e-19
constant,0.9,71,0.3686650626242261,0.36787944117144233,0.000785621452783769,0.0
constant,0.9,72,0.36854138088705996,0.36787944117144233,0.000661939715617621,2.6020852139652106e-18
constant,0.9,73,0.367276586420322,0.36787944117144233,0.0006028547511203186,3.469446951953614e-18
constant,0.9,74,0.36640840517465384,0.36787944117144233,0.0014710359967884945,1.0842021724855044e-19
constant,0.9,75,0.36586257309941517,0.36787944117144233,0.002016868072027167,0.0
constant,0.9,76,0.3655804893884674,0.36787944117144233,0.002298951782974956,1.734723475976807e-18
constant,0.9,77,0.3655153972882439,0.36787944117144233,0.002364043883198441,1.734723475976807e-18
constant,0.9,78,0.36562962219461986,0.36787944117144233,0.002249818976822471,1.3010426069826053e-18
constant,0.9,79,0.36589254142961497,0.36787944117144233,0.0019868997418273637,8.673617379884035e-19
constant,0.9,80,0.3662790697674419,0.36787944117144233,0.0016003714040004335,1.214306433183765e-17
constant,0.9,81,0.36676851458745247,0.36787944117144233,0.0011109265839898685,0.0
constant,0.9,82,0.36734369994621735,0.36787944117144233,0.0005357412252249838,3.469446951953614e-18
constant,0.9,83,0.36799028899783653,0.36787944117144233,0.00011084782639420032,8.673617379884035e-19
constant,0.9,84,0.3686962545544166,0.36787944117144233,0.0008168133829742907,5.204170427930421e-18
constant,0.9,85,0.3684445578665304,0.36787944117144233,0.0005651166950880748,1.734723475976807e-18
constant,0.9,86,0.36683600702507096,0.36787944117144233,0.0010434341463713692,2.220446049250313e-16
constant,0.9,87,0.36560964834820653,0.36787944117144233,0.0022697928232358056,2.220446049250313e-16
constant,0.9,88,0.3647007195919078,0.36787944117144233,0.003178721579534527,1.3010426069826053e-18
constant,0.9,89,0.3640570846019115,0.36787944117144233,0.003822356569530838,3.469446951953614e-18
constant,0.9,90,0.3636363636363637,0.36787944117144233,0.004243077535078632,0.0
constant,0.9,91,0.3634038077013928,0.36787944117144233,0.004475633470049534,1.1102230246251565e-16
constant,0.9,92,0.36333070158721537,0.36787944117144233,0.0045487395842269684,1.1102230246251565e-16
constant,0.9,93,0.3633931486324033,0.36787944117144233,0.0044862925390390385,6.505213034913027e-19
constant,0.9,94,0.363571135118245,0.36787944117144233,0.004308306053197319,3.469446951953614e-18
constant,0.9,95,0.36384780222651963,0.36787944117144233,0.0040316389449227,1.1102230246251565e-16
constant,0.9,96,0.36420887394357815,0.36787944117144233,0.0036705672278641854,0.0
constant,0.9,97,0.3646422034414239,0.36787944117144233,0.0032372377300184385,1.0842021724855044e-18
constant,0.9,98,0.3651374103984859,0.36787944117144233,0.0027420307729564275,6.938893903907228e-18
constant,0.9,99,0.3656855887897541,0.36787944117144233,0.0021938523816882327,3.903127820947816e-18
constant,0.9,100,0.36627906976744173,0.36787944117144233,0.0016003714040006,0.0
linear,0.0,10,0.3456,0.36787944117144233,0.022279441171442316,3.469446951953614e-18
linear,0.0,11,0.3442622950819673,0.36787944117144233,0.023617146089475016,2.220446049250313e-16
linear,0.0,12,0.345679012345679,0.36787944117144233,0.02220042882576334,3.469446951953614e-18
linear,0.0,13,0.34899092271084864,0.36787944117144233,0.018888518460593695,1.1102230246251565e-16
linear,0.0,14,0.3550565207495638,0.36787944117144233,0.012822920421878548,6.938893903907228e-18
linear,0.0,15,0.36026873192124664,0.36787944117144233,0.007610709250195691,6.938893903907228e-18
linear,0.0,16,0.36536187043569573,0.36787944117144233,0.0025175707357465993,6.245004513516506e-17
linear,0.0,17,0.3645833333333333,0.36787944117144233,0.003296107838109019,1.734723475976807e-17
linear,0.0,18,0.3627572472600259,0.36787944117144233,0.005122193911416439,6.938893903907228e-18
linear,0.0,19,0.36142748671222474,0.36787944117144233,0.00645195445921759,3.469446951953614e-18
linear,0.0,20,0.3608239299575245,0.36787944117144233,0.007055511213917842,4.163336342344337e-17
linear,0.0,21,0.3609369110652428,0.36787944117144233,0.0069425301061995515,2.220446049250313e-16
linear,0.0,22,0.36182527791892216,0.36787944117144233,0.006054163252520173,2.220446049250313e-16
linear,0.0,23,0.3632688493635033,0.36787944117144233,0.004610591807939046,2.1141942363467336e-18
linear,0.0,24,0.3648384613086046,0.36787944117144233,0.003040979862837745,2.0816681711721685e-17
linear,0.0,25,0.36645481476038916,0.36787944117144233,0.0014246264110531759,3.469446951953614e-17
linear,0.0,26,0.36662047012594634,0.36787944117144233,0.0012589710454959935,2.42861286636753e-17
linear,0.0,27,0.36586375982060837,0.36787944117144233,0.0020156813508339644,2.220446049250313e-16
linear,0.0,28,0.3651495326751336,0.36787944117144233,0.0027299084963087195,2.6020852139652106e-17
linear,0.0,29,0.3647123140616234,0.36787944117144233,0.0031671271098189235,2.220446049250313e-16
linear,0.0,30,0.3646000624109845,0.36787944117144233,0.0032793787604578073,3.469446951953614e-18
linear,0.0,31,0.3648028779549556,0.36787944117144233,0.0030765632164867496,1.3877787807814457e-17
linear,0.0,32,0.365357678024627,0.36787944117144233,0.002521763146815348,1.1102230246251565e-16
linear,0.0,33,0.36595333830923454,0.36787944117144233,0.0019261028622077903,5.204170427930421e-18
linear,0.0,34,0.3668016992269019,0.36787944117144233,0.0010777419445404113,1.734723475976807e-18
linear,0.0,35,0.3673143729662318,0.36787944117144233,0.0005650682052105171,2.220446049250313e-16
linear,0.0,36,0.3669671409197777,0.36787944117144233,0.0009123002516646106,5.898059818321144e-17
linear,0.0,37,0.3665444882082756,0.36787944117144233,0.0013349529631667134,4.440892098500626e-16
linear,0.0,38,0.3662050819683336,0.36787944117144233,0.0016743592031087107,1.1102230246251565e-16
linear,0.0,39,0.36602585274552113,0.36787944117144233,0.0018535884259212043,3.3306690738754696e-16
linear,0.0,40,0.36603288006542917,0.36787944117144233,0.001846561106013167,1.5265566588595902e-16
linear,0.0,41,0.3662165132752244,0.36787944117144233,0.001662927896217914,6.5052130349130266e-18
linear,0.0,42,0.36652652127970453,0.36787944117144233,0.0013529198917378027,5.99563801384484e-17
linear,0.0,43,0.36693933620289,0.36787944117144233,0.0009401049685523466,1.1102230246251565e-15
linear,0.0,44,0.36739938866374966,0.36787944117144233,0.00048005250769267427,1.3877787807814457e-17
linear,0.0,45,0.3674679431913035,0.36787944117144233,0.00041149798013884187,2.220446049250313e-16
linear,0.0,46,0.36718682646736733,0.36787944117144233,0.0006926147040750008,2.220446049250313e-16
linear,0.0,47,0.3669335890948431,0.36787944117144233,0.0009458520765992517,2.220446049250313e-16
linear,0.0,48,0.36675066436366005,0.36787944117144233,0.0011287768077822835,2.220446049250313e-16
linear,0.0,49,0.36667373398246783,0.36787944117144233,0.001205707188974503,2.220446049250313e-16
linear,0.0,50,0.3667174627221862,0.36787944117144233,0.0011619784492561402,2.7755575615628914e-17
linear,0.0,51,0.3668609655710295,0.36787944117144233,0.0010184756004128492,3.155028321932818e-17
linear,0.0,52,0.36708557675245984,0.36787944117144233,0.0007938644189824928,1.1102230246251565e-16
linear,0.0,53,0.36736211676101005,0.36787944117144233,0.0005173244104322849,6.661338147750939e-16
linear,0.0,54,0.36762407402699837,0.36787944117144233,0.00025536714444396313,8.881784197001252e-16
linear,0.0,55,0.36753377628461986,0.36787944117144233,0.0003456648868224721,2.220446049250313e-16
linear,0.0,56,0.3673336446142387,0.36787944117144233,0.0005457965572036594,6.938893903907228e-18
linear,0.0,57,0.367174298912235,0.36787944117144233,0.0007051422592073142,1.6046192152785466e-17
linear,0.0,58,0.36706863530843703,0.36787944117144233,0.0008108058630053039,8.088148206741863e-17
linear,0.0,59,0.36703959255486013,0.36787944117144233,0.0008398486165822061,1.1102230246251565e-16
linear,0.0,60,0.3670950065032361,0.36787944117144233,0.0007844346682062131,2.0816681711721685e-17
linear,0.0,61,0.3672036073900451,0.36787944117144233,0.0006758337813972393,7.37257477290143e-18
linear,0.0,62,0.3673774797075835,0.36787944117144233,0.0005019614638588354,4.440892098500626e-16
linear,0.0,63,0.367579344240522,0.36787944117144233,0.00030009693092031275,2.220446049250313e-16
linear,0.0,64,0.3677015216106239,0.36787944117144233,0.0001779195608184181,2.220446049250313e-16
linear,0.0,65,0.3675796641835227,0.36787944117144233,0.00029977698791960883,4.440892098500626e-16
linear,0.0,66,0.3674374398158038,0.36787944117144233,0.0004420013556385438,2.220446049250313e-16
linear,0.0,67,0.3673335230299607,0.36787944117144233,0.0005459181414816383,2.220446049250313e-16
linear,0.0,68,0.367270648183657,0.36787944117144233,0.0006087929877853226,1.1624815693389579e-15
linear,0.0,69,0.3672663945141889,0.36787944117144233,0.0006130466572534243,4.440892098500626e-16
linear,0.0,70,0.3673198096555851,0.36787944117144233,0.0005596315158572507,6.418476861114186e-17
linear,0.0,71,0.3674145526634922,0.36787944117144233,0.00046488850795012304,1.734723475976807e-17
linear,0.0,72,0.36755029200229894,0.36787944117144233,0.00032914916914339454,8.239936510889834e-18
linear,0.0,73,0.36769739718638617,0.36787944117144233,0.00018204398505616837,4.5102810375396984e-17
linear,0.0,74,0.3677252313069721,0.36787944117144233,0.00015420986447023388,2.220446049250313e-16
linear,0.0,75,0.3676170764972172,0.36787944117144233,0.0002623646742251351,2.220446049250313e-16
linear,0.0,76,0.3675137649543987,0.36787944117144233,0.0003656762170436423,1.0408340855860843e-17
linear,0.0,77,0.36744465746187427,0.36787944117144233,0.0004347837095680651,2.220446049250313e-16
linear,0.0,78,0.3674074564989812,0.36787944117144233,0.0004719846724611232,2.220446049250313e-16
linear,0.0,79,0.36741686495703313,0.36787944117144233,0.00046257621440920493,2.220446049250313e-16
linear,0.0,80,0.3674651830163109,0.36787944117144233,0.0004142581551314084,2.7755575615628914e-17
linear,0.0,81,0.36754679722781264,0.36787944117144233,0.00033264394362969574,2.42861286636753e-17
linear,0.0,82,0.36765808513248993,0.36787944117144233,0.00022135603895240274,2.220446049250313e-16
linear,0.0,83,0.3677634838905808,0.36787944117144233,0.0001159572808615561,3.3306690738754696e-16
linear,0.0,84,0.36773602933952765,0.36787944117144233,0.00014341183191468598,1.1102230246251565e-16
linear,0.0,85,0.3676481368726067,0.36787944117144233,0.00023130429883561066,3.469446951953614e-17
linear,0.0,86,0.36757179314589394,0.36787944117144233,0.00030764802554839044,1.0408340855860843e-17
linear,0.0,87,0.36752487150667384,0.36787944117144233,0.0003545696647684893,2.220446049250313e-16
linear,0.0,88,0.36750474819645934,0.36787944117144233,0.00037469297498299303,3.241764495731658e-17
linear,0.0,89,0.36752196364662265,0.36787944117144233,0.00035747752481968265,6.938893903907228e-18
linear,0.0,90,0.3675670042332534,0.36787944117144233,0.00031243693818894247,1.3322676295501878e-15
linear,0.0,91,0.3676381865395243,0.36787944117144233,0.00024125463191804197,6.5052130349130266e-18
linear,0.0,92,0.3677288846317629,0.36787944117144233,0.00015055653967943616,2.2551405187698492e-17
linear,0.0,93,0.36779614004881356,0.36787944117144233,8.330112262877609e-05,2.6645352591003757e-15
linear,0.0,94,0.36774414816805134,0.36787944117144233,0.00013529300339099049,1.214306433183765e-17
linear,0.0,95,0.3676741841021426,0.36787944117144233,0.00020525706929974685,2.168404344971009e-17
linear,0.0,96,0.36761717510980385,0.36787944117144233,0.0002622660616384831,2.220446049250313e-16
linear,0.0,97,0.36758492935464165,0.36787944117144233,0.00029451181680067995,6.661338147750939e-16
linear,0.0,98,0.3675766522254585,0.36787944117144233,0.0003027889459838451,4.440892098500626e-16
linear,0.0,99,0.36759585339390344,0.36787944117144233,0.0002835877775388962,5.551115123125783e-16
linear,0.0,100,0.367639102646823,0.36787944117144233,0.00024033852461935457,1.5265566588595902e-16
linear,0.5,10,0.3333333333333333,0.36787944117144233,0.03454610783810902,0.0
linear,0.5,11,0.39999999999999997,0.36787944117144233,0.03212055882855763,0.0
linear,0.5,12,0.2777777777777779,0.36787944117144233,0.09010166339366443,0.0
linear,0.5,13,0.35714285714285726,0.36787944117144233,0.010736584028585072,0.0
linear,0.5,14,0.3571428571428571,0.36787944117144233,0.010736584028585239,0.0
linear,0.5,15,0.3214285714285714,0.36787944117144233,0.04645086974287094,0.0
linear,0.5,16,0.35795454545454547,0.36787944117144233,0.009924895716896864,0.0
linear,0.5,17,0.3153153153153153,0.36787944117144233,0.05256412585612702,1.6281790410335924e-19
linear,0.5,18,0.35,0.36787944117144233,0.017879441171442356,2.168404344971009e-19
linear,0.5,19,0.3294117647058823,0.36787944117144233,0.03846767646556004,4.0050290451761377e-20
linear,0.5,20,0.3456000000000001,0.36787944117144233,0.02227944117144226,0.0
linear,0.5,21,0.3509051123930775,0.36787944117144233,0.016974328778364856,1.788086551653828e-18
linear,0.5,22,0.34426229508196715,0.36787944117144233,0.023617146089475183,8.673617379884035e-19
linear,0.5,23,0.36332179930795844,0.36787944117144233,0.004557641863483897,0.0
linear,0.5,24,0.34567901234567894,0.36787944117144233,0.022200428825763396,5.637851296924623e-18
linear,0.5,25,0.36218463184755334,0.36787944117144233,0.005694809323888994,2.220446049250313e-16
linear,0.5,26,0.3489909227108487,0.36787944117144233,0.01888851846059364,1.1102230246251565e-16
linear,0.5,27,0.3589353799379003,0.36787944117144233,0.008944061233542022,3.469446951953614e-18
linear,0.5,28,0.35505652074956384,0.36787944117144233,0.012822920421878492,0.0
linear,0.5,29,0.35701749238475783,0.36787944117144233,0.010861948786684505,5.204170427930421e-18
linear,0.5,30,0.3602687319212467,0.36787944117144233,0.007610709250195635,1.463672932855431e-18
linear,0.5,31,0.3562559316671939,0.36787944117144233,0.011623509504248453,1.734723475976807e-18
linear,0.5,32,0.3653618704356957,0.36787944117144233,0.002517570735746655,9.540979117872439e-18
linear,0.5,33,0.35660326790016933,0.36787944117144233,0.011276173271273005,4.7704895589362195e-18
linear,0.5,34,0.3645833333333333,0.36787944117144233,0.003296107838109019,2.6020852139652106e-18
linear,0.5,35,0.3580712355179122,0.36787944117144233,0.009808205653530133,1.951563910473908e-18
linear,0.5,36,0.36275724726002595,0.36787944117144233,0.005122193911416384,9.107298248878237e-18
linear,0.5,37,0.3607544994003772,0.36787944117144233,0.007124941771065152,5.204170427930421e-18
linear,0.5,38,0.3614274867122248,0.36787944117144233,0.006451954459217535,3.8163916471489756e-17
linear,0.5,39,0.36363369579853444,0.36787944117144233,0.004245745372907894,2.42861286636753e-17
linear,0.5,40,0.36082392995752455,0.36787944117144233,0.007055511213917787,5.204170427930421e-18
linear,0.5,41,0.36616334803181344,0.36787944117144233,0.0017160931396288936,8.673617379884035e-19
linear,0.5,42,0.36093691106524284,0.36787944117144233,0.006942530106199496,2.220446049250313e-16
linear,0.5,43,0.3658844136504037,0.36787944117144233,0.0019950275210386392,2.6020852139652106e-18
linear,0.5,44,0.3618252779189221,0.36787944117144233,0.006054163252520228,2.220446049250313e-16
linear,0.5,45,0.36476434223497517,0.36787944117144233,0.0031150989364671644,2.220446049250313e-16
linear,0.5,46,0.3632688493635033,0.36787944117144233,0.004610591807939046,2.0057740190981832e-18
linear,0.5,47,0.3638007763179445,0.36787944117144233,0.004078664853497838,2.45029690981724e-17
linear,0.5,48,0.3648384613086046,0.36787944117144233,0.003040979862837745,3.469446951953614e-18
linear,0.5,49,0.36332192242647426,0.36787944117144233,0.00455751874496807,2.220446049250313e-16
linear,0.5,50,0.3664548147603891,0.36787944117144233,0.0014246264110532314,6.5052130349130266e-18
linear,0.5,51,0.36329875007195916,0.36787944117144233,0.0045806910994831695,8.673617379884035e-19
linear,0.5,52,0.36662047012594634,0.36787944117144233,0.0012589710454959935,1.0408340855860843e-17
linear,0.5,53,0.36371957609131894,0.36787944117144233,0.004159865080123393,3.144186300207963e-18
linear,0.5,54,0.36586375982060826,0.36787944117144233,0.0020156813508340754,2.8189256484623115e-18
linear,0.5,55,0.36458211116280503,0.36787944117144233,0.0032973300086373003,1.2638806633331175e-17
linear,0.5,56,0.36514953267513367,0.36787944117144233,0.002729908496308664,3.0357660829594124e-18
linear,0.5,57,0.3655472931171354,0.36787944117144233,0.002332148054306926,2.168404344971009e-18
linear,0.5,58,0.36471231406162324,0.36787944117144233,0.00316712710981909,2.220446049250313e-16
linear,0.5,59,0.36669188915504886,0.36787944117144233,0.0011875520163934783,3.469446951953614e-18
linear,0.5,60,0.3646000624109845,0.36787944117144233,0.0032793787604578073,6.938893903907228e-18
linear,0.5,61,0.36707011917831694,0.36787944117144233,0.0008093219931253892,1.8214596497756474e-17
linear,0.5,62,0.3648028779549556,0.36787944117144233,0.0030765632164867496,9.540979117872439e-18
linear,0.5,63,0.3665197076019967,0.36787944117144233,0.0013597335694456314,1.734723475976807e-18
linear,0.5,64,0.36535767802462704,0.36787944117144233,0.0025217631468152923,9.063252535621014e-18
linear,0.5,65,0.3660055298798916,0.36787944117144233,0.0018739112915507339,1.1102230246251565e-16
linear,0.5,66,0.3659533383092346,0.36787944117144233,0.0019261028622077347,4.336808689942018e-19
linear,0.5,67,0.3656068702100857,0.36787944117144233,0.0022725709613566347,1.1102230246251565e-16
linear,0.5,68,0.36680169922690187,0.36787944117144233,0.0010777419445404668,2.220446049250313e-16
linear,0.5,69,0.3654553492366792,0.36787944117144233,0.0024240919347631174,5.204170427930421e-18
linear,0.5,70,0.36731437296623176,0.36787944117144233,0.0005650682052105727,2.220446049250313e-16
linear,0.5,71,0.36554198450556175,0.36787944117144233,0.0023374566658805884,1.734723475976807e-18
linear,0.5,72,0.3669671409197778,0.36787944117144233,0.0009123002516645551,2.927345865710862e-18
linear,0.5,73,0.36586231200905217,0.36787944117144233,0.0020171291623901633,4.6227670129350695e-17
linear,0.5,74,0.3665444882082755,0.36787944117144233,0.0013349529631668244,1.1926223897340549e-17
linear,0.5,75,0.366290840557605,0.36787944117144233,0.0015886006138373099,5.5294310796760726e-18
linear,0.5,76,0.3662050819683337,0.36787944117144233,0.0016743592031086552,4.662069341687669e-18
linear,0.5,77,0.36686642114741014,0.36787944117144233,0.0010130200240321963,1.3010426069826053e-17
linear,0.5,78,0.36602585274552135,0.36787944117144233,0.0018535884259209823,5.204170427930421e-18
linear,0.5,79,0.367395857989775,0.36787944117144233,0.0004835831816673575,2.220446049250313e-16
linear,0.5,80,0.3660328800654291,0.36787944117144233,0.0018465611060132225,6.938893903907228e-18
linear,0.5,81,0.36726370798775915,0.36787944117144233,0.000615733183683187,2.6020852139652106e-18
linear,0.5,82,0.3662165132752244,0.36787944117144233,0.001662927896217914,5.204170427930421e-18
linear,0.5,83,0.36691097870960016,0.36787944117144233,0.0009684624618421789,8.673617379884035e-18
linear,0.5,84,0.36652652127970453,0.36787944117144233,0.0013529198917378027,3.4423418976414766e-18
linear,0.5,85,0.366633573909809,0.36787944117144233,0.0012458672616333377,6.071532165918825e-18
linear,0.5,86,0.36693933620289043,0.36787944117144233,0.0009401049685519025,4.228388472693467e-18
linear,0.5,87,0.3664418055667522,0.36787944117144233,0.001437635604690124,1.1102230246251565e-16
linear,0.5,88,0.3673993886637496,0.36787944117144233,0.0004800525076927298,1.1102230246251565e-16
linear,0.5,89,0.3663992803881083,0.36787944117144233,0.001480160783334017,4.336808689942018e-17
linear,0.5,90,0.36746794319130366,0.36787944117144233,0.00041149798013867533,1.1102230246251565e-16
linear,0.5,91,0.3665022058832854,0.36787944117144233,0.0013772352881569194,4.336808689942018e-18
linear,0.5,92,0.3671868264673674,0.36787944117144233,0.0006926147040749453,1.3010426069826053e-17
linear,0.5,93,0.3667092753065378,0.36787944117144233,0.0011701658649045377,5.990217002982412e-18
linear,0.5,94,0.36693358909484297,0.36787944117144233,0.0009458520765993628,6.013933925505532e-19
linear,0.5,95,0.3670196880201567,0.36787944117144233,0.0008597531512856138,4.336808689942018e-17
linear,0.5,96,0.36675066436366016,0.36787944117144233,0.0011287768077821725,1.7997756063259374e-17
linear,0.5,97,0.3673799578980794,0.36787944117144233,0.0004994832733629107,1.734723475976807e-18
linear,0.5,98,0.3666737339824678,0.36787944117144233,0.0012057071889745585,1.1102230246251565e-16
linear,0.5,99,0.3675843766207251,0.36787944117144233,0.0002950645507172611,2.949029909160572e-17
linear,0.5,100,0.36671746272218614,0.36787944117144233,0.0011619784492561958,3.2959746043559335e-17
linear,0.9,10,NA,0.36787944117144233,NA,0.0
linear,0.9,11,0.5,0.36787944117144233,0.13212055882855767,0.0
linear,0.9,12,0.5,0.36787944117144233,0.13212055882855767,0.0
linear,0.9,13,0.5,0.36787944117144233,0.13212055882855767,0.0
linear,0.9,14,0.5,0.36787944117144233,0.13212055882855767,0.0
linear,0.9,15,0.5,0.36787944117144233,0.13212055882855767,0.0
linear,0.9,16,0.5,0.36787944117144233,0.13212055882855767,0.0
linear,0.9,17,0.5,0.36787944117144233,0.13212055882855767,0.0
linear,0.9,18,0.5,0.36787944117144233,0.13212055882855767,0.0
linear,0.9,19,0.5,0.36787944117144233,0.13212055882855767,0.0
linear,0.9,20,0.5,0.36787944117144233,0.13212055882855767,0.0
linear,0.9,21,0.5,0.36787944117144233,0.13212055882855767,0.0
linear,0.9,22,0.5,0.36787944117144233,0.13212055882855767,0.0
linear,0.9,23,0.5,0.36787944117144233,0.13212055882855767,0.0
linear,0.9,24,0.28571428571428503,0.36787944117144233,0.0821651554571573,0.0
linear,0.9,25,0.33333333333333354,0.36787944117144233,0.0345461078381088,0.0
linear,0.9,26,0.3750000000000004,0.36787944117144233,0.0071205588285580546,0.0
linear,0.9,27,0.41176470588235253,0.36787944117144233,0.0438852647109102,0.0
linear,0.9,28,0.4444444444444446,0.36787944117144233,0.07656500327300225,0.0
linear,0.9,29,0.47368421052631565,0.36787944117144233,0.10580476935487332,0.0
linear,0.9,30,0.5,0.36787944117144233,0.13212055882855767,0.0
linear,0.9,31,0.5,0.36787944117144233,0.13212055882855767,0.0
linear,0.9,32,0.5,0.36787944117144233,0.13212055882855767,0.0
linear,0.9,33,0.5,0.36787944117144233,0.13212055882855767,0.0
linear,0.9,34,0.5,0.36787944117144233,0.13212055882855767,0.0
linear,0.9,35,0.5,0.36787944117144233,0.13212055882855767,0.0
linear,0.9,36,0.2812499999999993,0.36787944117144233,0.08662944117144306,0.0
linear,0.9,37,0.3088235294117651,0.36787944117144233,0.059055911759677227,0.0
linear,0.9,38,0.33333333333333287,0.36787944117144233,0.03454610783810946,0.0
linear,0.9,39,0.3552631578947372,0.36787944117144233,0.01261628327670511,0.0
linear,0.9,40,0.3750000000000003,0.36787944117144233,0.0071205588285579435,0.0
linear,0.9,41,0.3928571428571431,0.36787944117144233,0.024977701685700793,0.0
linear,0.9,42,0.40909090909090917,0.36787944117144233,0.04121146791946684,0.0
linear,0.9,43,0.42391304347826064,0.36787944117144233,0.05603360230681831,0.0
linear,0.9,44,0.43749999999999956,0.36787944117144233,0.06962055882855722,0.0
linear,0.9,45,0.45000000000000007,0.36787944117144233,0.08212055882855773,0.0
linear,0.9,46,0.4615384615384618,0.36787944117144233,0.09365902036701945,0.0
linear,0.9,47,0.2592592592592589,0.36787944117144233,0.10862018191218342,0.0
linear,0.9,48,0.28571428571428503,0.36787944117144233,0.0821651554571573,0.0
linear,0.9,49,0.31034482758620674,0.36787944117144233,0.057534613585235594,0.0
linear,0.9,50,0.33333333333333354,0.36787944117144233,0.0345461078381088,0.0
linear,0.9,51,0.3492063492063484,0.36787944117144233,0.018673091965093924,0.0
linear,0.9,52,0.3636363636363641,0.36787944117144233,0.0042430775350782435,0.0
linear,0.9,53,0.3768115942028985,0.36787944117144233,0.00893215303145617,0.0
linear,0.9,54,0.3888888888888888,0.36787944117144233,0.02100944771744645,0.0
linear,0.9,55,0.39999999999999974,0.36787944117144233,0.03212055882855741,0.0
linear,0.9,56,0.41025641025641046,0.36787944117144233,0.04237696908496813,0.0
linear,0.9,57,0.3900360537528714,0.36787944117144233,0.02215661258142909,0.0
linear,0.9,58,0.3571428571428568,0.36787944117144233,0.010736584028585516,5.560672259992128e-20
linear,0.9,59,0.25862068965517215,0.36787944117144233,0.10925875151627018,0.0
linear,0.9,60,0.27777777777777707,0.36787944117144233,0.09010166339366527,0.0
linear,0.9,61,0.2956989247311828,0.36787944117144233,0.07218051644025952,0.0
linear,0.9,62,0.31249999999999933,0.36787944117144233,0.055379441171443,0.0
linear,0.9,63,0.32828282828282745,0.36787944117144233,0.03959661288861488,0.0
linear,0.9,64,0.34313725490196056,0.36787944117144233,0.02474218626948177,0.0
linear,0.9,65,0.3571428571428576,0.36787944117144233,0.01073658402858474,0.0
linear,0.9,66,0.3703703703703698,0.36787944117144233,0.0024909291989274607,0.0
linear,0.9,67,0.38288288288288275,0.36787944117144233,0.015003441711440413,0.0
linear,0.9,68,0.36719706242350153,0.36787944117144233,0.0006823787479408039,2.220446049250313e-16
linear,0.9,69,0.35905834923148944,0.36787944117144233,0.008821091939952896,5.421010862427522e-20
linear,0.9,70,0.35714285714285654,0.36787944117144233,0.010736584028585794,0.0
linear,0.9,71,0.2661290322580644,0.36787944117144233,0.10175040891337794,0.0
linear,0.9,72,0.2812499999999993,0.36787944117144233,0.08662944117144306,0.0
linear,0.9,73,0.29545454545454536,0.36787944117144233,0.07242489571689698,0.0
linear,0.9,74,0.3088235294117651,0.36787944117144233,0.059055911759677227,0.0
linear,0.9,75,0.32142857142857173,0.36787944117144233,0.046450869742870604,0.0
linear,0.9,76,0.33333333333333287,0.36787944117144233,0.03454610783810946,0.0
linear,0.9,77,0.34459459459459413,0.36787944117144233,0.023284846576848206,0.0
linear,0.9,78,0.35108359133126993,0.36787944117144233,0.016795849840172405,3.910876614774382e-21
linear,0.9,79,0.3541420118343196,0.36787944117144233,0.013737429337122742,0.0
linear,0.9,80,0.35795454545454536,0.36787944117144233,0.009924895716896975,2.710505431213761e-20
linear,0.9,81,0.3599310396053154,0.36787944117144233,0.007948401566126917,5.421010862427522e-20
linear,0.9,82,0.33898305084745795,0.36787944117144233,0.02889639032398439,3.8590246817280727e-19
linear,0.9,83,0.3152447004318052,0.36787944117144233,0.05263474073963714,4.191591771891468e-22
linear,0.9,84,0.3121486921981569,0.36787944117144233,0.05573074897328545,1.2874233221011938e-21
linear,0.9,85,0.31531531531531565,0.36787944117144233,0.05256412585612669,1.9974039742691982e-21
linear,0.9,86,0.3209918478260864,0.36787944117144233,0.046887593345355916,1.1102230246251565e-16
linear,0.9,87,0.327784643330405,0.36787944117144233,0.04009479784103731,2.220446049250313e-16
linear,0.9,88,0.33506886126973434,0.36787944117144233,0.03281057990170799,1.1102230246251565e-16
linear,0.9,89,0.3425304831071709,0.36787944117144233,0.025348958064271454,0.0
linear,0.9,90,0.34999999999999976,0.36787944117144233,0.01787944117144258,0.0
linear,0.9,91,0.3571836171191898,0.36787944117144233,0.010695824052252556,0.0
linear,0.9,92,0.3628865979381448,0.36787944117144233,0.004992843233297517,5.421010862427522e-20
linear,0.9,93,0.35889545733346995,0.36787944117144233,0.008983983837972387,0.0
linear,0.9,94,0.33670421797223,0.36787944117144233,0.031175223199212343,1.0842021724855044e-19
linear,0.9,95,0.32941176470588307,0.36787944117144233,0.038467676465559264,0.0
linear,0.9,96,0.3287717567472344,0.36787944117144233,0.03910768442420792,1.0842021724855044e-19
linear,0.9,97,0.33123365247646497,0.36787944117144233,0.036645788694977366,3.796246708560526e-21
linear,0.9,98,0.33529411764705874,0.36787944117144233,0.03258532352438359,5.2312880994371706e-21
linear,0.9,99,0.3402157252207671,0.36787944117144233,0.02766371595067524,0.0
linear,0.9,100,0.3456000000000001,0.36787944117144233,0.02227944117144226,1.1102230246251565e-16
quadratic,0.0,10,0.35098176718092566,0.36787944117144233,0.01689767399051667,0.0
quadratic,0.0,11,0.36163430889597226,0.36787944117144233,0.006245132275470078,1.0408340855860843e-17
quadratic,0.0,12,0.3638984486206958,0.36787944117144233,0.0039809925507465205,2.220446049250313e-16
quadratic,0.0,13,0.36127917026793427,0.36787944117144233,0.006600270903508065,0.0
quadratic,0.0,14,0.35947663923480566,0.36787944117144233,0.008402801936636672,1.1102230246251565e-16
quadratic,0.0,15,0.3594151086731721,0.36787944117144233,0.008464332498270222,2.220446049250313e-16
quadratic,0.0,16,0.3609781199747756,0.36787944117144233,0.006901321196666754,4.336808689942018e-19
quadratic,0.0,17,0.36394139125647296,0.36787944117144233,0.003938049914969377,2.0816681711721685e-17
quadratic,0.0,18,0.3664926307264934,0.36787944117144233,0.0013868104449489271,2.0816681711721685e-16
quadratic,0.0,19,0.36550963867718156,0.36787944117144233,0.0023698024942607754,2.0122792321330962e-16
quadratic,0.0,20,0.364314665960996,0.36787944117144233,0.003564775210446347,3.642919299551295e-17
quadratic,0.0,21,0.3637436176252686,0.36787944117144233,0.004135823546173756,0.0
quadratic,0.0,22,0.36401522997922287,0.36787944117144233,0.003864211192219469,2.0816681711721685e-17
quadratic,0.0,23,0.364912938136781,0.36787944117144233,0.0029665030346613386,1.3877787807814457e-17
quadratic,0.0,24,0.36630888818247276,0.36787944117144233,0.0015705529889695757,4.440892098500626e-16
quadratic,0.0,25,0.3671079413479516,0.36787944117144233,0.0007714998234907289,3.3306690738754696e-16
quadratic,0.0,26,0.3662967961978931,0.36787944117144233,0.0015826449735492076,8.673617379884035e-18
quadratic,0.0,27,0.36572621941724853,0.36787944117144233,0.0021532217541938015,1.1102230246251565e-16
quadratic,0.0,28,0.3655020212448458,0.36787944117144233,0.0023774199265965135,2.220446049250313e-16
quadratic,0.0,29,0.3657068030026634,0.36787944117144233,0.0021726381687789398,2.220446049250313e-16
quadratic,0.0,30,0.36626845823679616,0.36787944117144233,0.0016109829346461768,1.5612511283791264e-17
quadratic,0.0,31,0.3671147056141024,0.36787944117144233,0.0007647355573399128,2.220446049250313e-16
quadratic,0.0,32,0.3673105421190889,0.36787944117144233,0.000568899052353411,1.3877787807814457e-17
quadratic,0.0,33,0.36678159581573466,0.36787944117144233,0.0010978453557076717,1.3877787807814457e-17
quadratic,0.0,34,0.3664426551673247,0.36787944117144233,0.0014367860041176184,1.0495077029659683e-16
quadratic,0.0,35,0.36633866735041754,0.36787944117144233,0.001540773821024799,5.5077470362263625e-17
quadratic,0.0,36,0.3665237819601529,0.36787944117144233,0.0013556592112894394,2.6020852139652106e-18
quadratic,0.0,37,0.3669125065955329,0.36787944117144233,0.0009669345759094616,3.469446951953614e-17
quadratic,0.0,38,0.36745149744580674,0.36787944117144233,0.00042794372563559335,6.661338147750939e-16
quadratic,0.0,39,0.367434001593212,0.36787944117144233,0.0004454395782303444,3.469446951953614e-17
quadratic,0.0,40,0.3670667423257323,0.36787944117144233,0.0008126988457100581,8.673617379884035e-18
quadratic,0.0,41,0.3668556812778961,0.36787944117144233,0.00102375989354625,6.938893903907228e-18
quadratic,0.0,42,0.3668122883776852,0.36787944117144233,0.0010671527937571312,1.1102230246251565e-16
quadratic,0.0,43,0.36694979099132674,0.36787944117144233,0.0009296501801155932,3.469446951953614e-18
quadratic,0.0,44,0.36724240555314036,0.36787944117144233,0.0006370356183019732,1.6479873021779667e-17
quadratic,0.0,45,0.36761759665511845,0.36787944117144233,0.0002618445163238836,7.771561172376096e-16
quadratic,0.0,46,0.36751381407577577,0.36787944117144233,0.00036562709566656526,2.220446049250313e-16
quadratic,0.0,47,0.3672569576514618,0.36787944117144233,0.0006224835199805101,2.220446049250313e-16
quadratic,0.0,48,0.36711084095174296,0.36787944117144233,0.000768600219699378,6.245004513516506e-17
quadratic,0.0,49,0.36709684068982273,0.36787944117144233,0.0007826004816195997,4.96564594998361e-17
quadratic,0.0,50,0.3672144322081103,0.36787944117144233,0.0006650089633320477,2.220446049250313e-16
quadratic,0.0,51,0.36744101316598726,0.36787944117144233,0.00043842800545507155,1.5265566588595902e-16
quadratic,0.0,52,0.3676996520209903,0.36787944117144233,0.00017978915045202548,6.661338147750939e-16
quadratic,0.0,53,0.3675715205157134,0.36787944117144233,0.0003079206557289327,7.28583859910259e-17
quadratic,0.0,54,0.36738339223404354,0.36787944117144233,0.0004960489373987964,4.440892098500626e-16
quadratic,0.0,55,0.36728362301316636,0.36787944117144233,0.0005958181582759736,1.1102230246251565e-16
quadratic,0.0,56,0.3672842799936533,0.36787944117144233,0.0005951611777890164,0.0
quadratic,0.0,57,0.36738431920009945,0.36787944117144233,0.0004951219713428823,1.431146867680866e-17
quadratic,0.0,58,0.36756541533345816,0.36787944117144233,0.0003140258379841776,4.85722573273506e-17
quadratic,0.0,59,0.36774535317264806,0.36787944117144233,0.00013408799879427447,2.220446049250313e-15
quadratic,0.0,60,0.36761719955981353,0.36787944117144233,0.00026224161162879955,3.469446951953614e-17
quadratic,0.0,61,0.3674750951269462,0.36787944117144233,0.0004043460444961289,2.7755575615628914e-17
quadratic,0.0,62,0.3674035766088629,0.36787944117144233,0.00047586456257942,2.220446049250313e-16
quadratic,0.0,63,0.3674131228486748,0.36787944117144233,0.000466318322767556,2.15485181781494e-17
quadratic,0.0,64,0.36750031998090665,0.36787944117144233,0.0003791211905356806,2.220446049250313e-16
quadratic,0.0,65,0.36764862247237395,0.36787944117144233,0.00023081869906838026,8.881784197001252e-16
quadratic,0.0,66,0.36777044397110326,0.36787944117144233,0.00010899720033907823,1.734723475976807e-15
quadratic,0.0,67,0.3676525701423504,0.36787944117144233,0.00022687102909191292,8.881784197001252e-16
quadratic,0.0,68,0.3675425459526839,0.36787944117144233,0.0003368952187584595,2.220446049250313e-16
quadratic,0.0,69,0.36749151025580373,0.36787944117144233,0.00038793091563860127,1.3877787807814457e-17
quadratic,0.0,70,0.36750537831927244,0.36787944117144233,0.00037406285216989854,1.3877787807814457e-17
quadratic,0.0,71,0.3675815338765911,0.36787944117144233,0.0002979072948512407,2.667137344314341e-17
quadratic,0.0,72,0.3677070201442102,0.36787944117144233,0.00017242102723213915,1.1796119636642288e-16
quadratic,0.0,73,0.3677849016175985,0.36787944117144233,9.453955384380874e-05,4.440892098500626e-16
quadratic,0.0,74,0.3676808861360536,0.36787944117144233,0.00019855503538873664,2.220446049250313e-16
quadratic,0.0,75,0.3675946390391517,0.36787944117144233,0.0002848021322906513,2.636779683484747e-16
quadratic,0.0,76,0.3675568154959737,0.36787944117144233,0.0003226256754686463,2.220446049250313e-16
quadratic,0.0,77,0.36757348339534446,0.36787944117144233,0.000305957776097876,2.355971320811001e-16
quadratic,0.0,78,0.36764221893769,0.36787944117144233,0.0002372222337523322,3.3306690738754696e-16
quadratic,0.0,79,0.3677481884343725,0.36787944117144233,0.0001312527370698202,1.700029006457271e-16
quadratic,0.0,80,0.36779405987134367,0.36787944117144233,8.538130009866363e-05,2.220446049250313e-16
quadratic,0.0,81,0.3677034248064222,0.36787944117144233,0.0001760163650201263,1.1102230246251565e-16
quadratic,0.0,82,0.36763493536726016,0.36787944117144233,0.00024450580418217127,4.683753385137379e-17
quadratic,0.0,83,0.3676077407712894,0.36787944117144233,0.00027170040015295216,6.938893903907228e-18
quadratic,0.0,84,0.367625730839213,0.36787944117144233,0.0002537103322293177,4.440892098500626e-16
quadratic,0.0,85,0.36768695859449346,0.36787944117144233,0.0001924825769488714,7.502679033599691e-17
quadratic,0.0,86,0.3677784855333793,0.36787944117144233,0.00010095563806306052,8.951173136040325e-16
quadratic,0.0,87,0.3678004422610902,0.36787944117144233,7.899891035212381e-05,2.220446049250313e-16
quadratic,0.0,88,0.3677224788156772,0.36787944117144233,0.0001569623557651223,2.55351295663786e-15
quadratic,0.0,89,0.3676672009161154,0.36787944117144233,0.00021224025532695645,5.134781488891349e-16
quadratic,0.0,90,0.3676475432757663,0.36787944117144233,0.00023189789567601427,1.610040226140974e-16
quadratic,0.0,91,0.3676666318472664,0.36787944117144233,0.00021280932417594434,2.7755575615628914e-17
quadratic,0.0,92,0.3677221134083851,0.36787944117144233,0.0001573277630572134,7.632783294297951e-17
quadratic,0.0,93,0.3678007346907078,0.36787944117144233,7.870648073454722e-05,2.220446049250313e-16
quadratic,0.0,94,0.36780547377177364,0.36787944117144233,7.396739966869514e-05,7.632783294297951e-16
quadratic,0.0,95,0.36773826460024817,0.36787944117144233,0.00014117657119416815,1.1102230246251565e-16
quadratic,0.0,96,0.36769340225500763,0.36787944117144233,0.00018603891643470538,3.0856393828937456e-16
quadratic,0.0,97,0.3676797095804109,0.36787944117144233,0.0001997315910314268,3.3306690738754696e-16
quadratic,0.0,98,0.3676991352268709,0.36787944117144233,0.0001803059445714128,1.1102230246251565e-16
quadratic,0.0,99,0.36774921366858426,0.36787944117144233,0.00013022750285807128,8.586881206085195e-17
quadratic,0.0,100,0.3678176140256249,0.36787944117144233,6.182714581742799e-05,6.522560269672795e-16
quadratic,0.5,10,0.2962962962962963,0.36787944117144233,0.07158314487514605,0.0
quadratic,0.5,11,0.37894736842105253,0.36787944117144233,0.011067927249610199,0.0
quadratic,0.5,12,0.2513227513227514,0.36787944117144233,0.11655668984869094,0.0
quadratic,0.5,13,0.32608695652173914,0.36787944117144233,0.0417924846497032,0.0
quadratic,0.5,14,0.35847411444141686,0.36787944117144233,0.009405326730025476,0.0
quadratic,0.5,15,0.31360867682837557,0.36787944117144233,0.05427076434306677,0.0
quadratic,0.5,16,0.3477802742062451,0.36787944117144233,0.020099166965197257,8.673617379884035e-19
quadratic,0.5,17,0.3337619358782487,0.36787944117144233,0.03411750529319363,5.204170427930421e-18
quadratic,0.5,18,0.3442476477595974,0.36787944117144233,0.02363179341184496,0.0
quadratic,0.5,19,0.35837144957877726,0.36787944117144233,0.009507991592665077,5.339695699491109e-18
quadratic,0.5,20,0.34362572291978666,0.36787944117144233,0.024253718251655676,3.469446951953614e-18
quadratic,0.5,21,0.36405225491530807,0.36787944117144233,0.003827186256134263,2.2551405187698492e-17
quadratic,0.5,22,0.3460997531996034,0.36787944117144233,0.021779687971838935,4.336808689942018e-19
quadratic,0.5,23,0.359133266750171,0.36787944117144233,0.008746174421271347,1.1102230246251565e-16
quadratic,0.5,24,0.35195243153411215,0.36787944117144233,0.01592700963733018,0.0
quadratic,0.5,25,0.3564584961418892,0.36787944117144233,0.011420945029553153,1.8214596497756474e-17
quadratic,0.5,26,0.35967618372740345,0.36787944117144233,0.00820325744403888,1.6653345369377348e-16
quadratic,0.5,27,0.35560935826956597,0.36787944117144233,0.012270082901876367,7.806255641895632e-17
quadratic,0.5,28,0.3650900580173334,0.36787944117144233,0.0027893831541089265,1.734723475976807e-18
quadratic,0.5,29,0.3561771906741836,0.36787944117144233,0.01170225049725876,8.673617379884035e-18
quadratic,0.5,30,0.36398725201087667,0.36787944117144233,0.0038921891605656622,3.469446951953614e-18
quadratic,0.5,31,0.35819483965725474,0.36787944117144233,0.009684601514187596,3.2526065174565133e-19
quadratic,0.5,32,0.3620085733239575,0.36787944117144233,0.005870867847484806,0.0
quadratic,0.5,33,0.36159937250466045,0.36787944117144233,0.0062800686667818795,9.012430558785756e-19
quadratic,0.5,34,0.3605920941265276,0.36787944117144233,0.007287347044914738,2.6020852139652106e-18
quadratic,0.5,35,0.3650639462218392,0.36787944117144233,0.002815494949603148,8.673617379884035e-18
quadratic,0.5,36,0.3603939451267239,0.36787944117144233,0.0074854960447184316,1.0408340855860843e-17
quadratic,0.5,37,0.36601315857018646,0.36787944117144233,0.0018662826012558753,5.204170427930421e-18
quadratic,0.5,38,0.36116600904273727,0.36787944117144233,0.006713432128705066,1.1102230246251565e-16
quadratic,0.5,39,0.36469267684094964,0.36787944117144233,0.0031867643304926974,1.734723475976807e-18
quadratic,0.5,40,0.36278636437648615,0.36787944117144233,0.005093076794956186,2.2090619264392153e-18
quadratic,0.5,41,0.3635208850002597,0.36787944117144233,0.004358556171182637,2.220446049250313e-16
quadratic,0.5,42,0.36475014204758227,0.36787944117144233,0.003129299123860063,9.324138683375338e-18
quadratic,0.5,43,0.36294745844964177,0.36787944117144233,0.004931982721800565,4.7704895589362195e-18
quadratic,0.5,44,0.36670967398101617,0.36787944117144233,0.001169767190426163,2.220446049250313e-16
quadratic,0.5,45,0.36306989290786856,0.36787944117144233,0.004809548263573771,3.469446951953614e-18
quadratic,0.5,46,0.366187634436423,0.36787944117144233,0.001691806735019341,3.469446951953614e-18
quadratic,0.5,47,0.36381692438490154,0.36787944117144233,0.004062516786540793,1.1102230246251565e-16
quadratic,0.5,48,0.365309439999776,0.36787944117144233,0.0025700011716663362,2.220446049250313e-16
quadratic,0.5,49,0.3648691492265967,0.36787944117144233,0.0030102919448456444,7.914675859144182e-18
quadratic,0.5,50,0.3646279138249045,0.36787944117144233,0.0032515273465378303,2.220446049250313e-16
quadratic,0.5,51,0.36630359754136116,0.36787944117144233,0.0015758436300811751,4.7704895589362195e-18
quadratic,0.5,52,0.36437503303023866,0.36787944117144233,0.0035044081412036743,2.710505431213761e-17
quadratic,0.5,53,0.36703529255084,0.36787944117144233,0.0008441486206023363,2.220446049250313e-16
quadratic,0.5,54,0.36457708778723324,0.36787944117144233,0.003302353384209089,2.220446049250313e-16
quadratic,0.5,55,0.36637296824444354,0.36787944117144233,0.001506472926998792,5.767955557622884e-17
quadratic,0.5,56,0.3652543932795842,0.36787944117144233,0.0026250478918581344,1.734723475976807e-17
quadratic,0.5,57,0.36575768896740124,0.36787944117144233,0.002121752204041094,3.3306690738754696e-16
quadratic,0.5,58,0.36604868386257067,0.36787944117144233,0.0018307573088716667,1.5720931501039814e-17
quadratic,0.5,59,0.36535619790546753,0.36787944117144233,0.002523243265974806,1.734723475976807e-17
quadratic,0.5,60,0.3670515595225721,0.36787944117144233,0.0008278816488702101,1.1102230246251565e-16
quadratic,0.5,61,0.36528885099609876,0.36787944117144233,0.0025905901753435767,3.5887091909270197e-17
quadratic,0.5,62,0.3671037981056909,0.36787944117144233,0.0007756430657514524,2.220446049250313e-16
quadratic,0.5,63,0.36555640244304005,0.36787944117144233,0.0023230387284022824,5.51316804708879e-17
quadratic,0.5,64,0.36654201837586664,0.36787944117144233,0.0013374227955756934,2.5587171270657905e-17
quadratic,0.5,65,0.3660588697457351,0.36787944117144233,0.0018205714257072403,3.469446951953614e-18
quadratic,0.5,66,0.36613226485639805,0.36787944117144233,0.0017471763150442854,2.220446049250313e-16
quadratic,0.5,67,0.366744957120032,0.36787944117144233,0.0011344840514103116,1.0408340855860843e-17
quadratic,0.5,68,0.3658985447031365,0.36787944117144233,0.0019808964683058483,1.0408340855860843e-17
quadratic,0.5,69,0.3673856109342522,0.36787944117144233,0.0004938302371901293,1.3877787807814457e-17
quadratic,0.5,70,0.3659214083196621,0.36787944117144233,0.001958032851780256,2.220446049250313e-16
quadratic,0.5,71,0.3671367385988393,0.36787944117144233,0.00074270257260306,1.1102230246251565e-16
quadratic,0.5,72,0.3661948295117218,0.36787944117144233,0.0016846116597205585,2.9467677471875525e-17
quadratic,0.5,73,0.366703936352582,0.36787944117144233,0.0011755048188603068,5.204170427930421e-18
quadratic,0.5,74,0.3666188504090803,0.36787944117144233,0.0012605907623620127,1.0408340855860843e-17
quadratic,0.5,75,0.36641442733006246,0.36787944117144233,0.0014650138413798697,8.673617379884035e-18
quadratic,0.5,76,0.3671751217520191,0.36787944117144233,0.0007043194194232272,3.903127820947816e-18
quadratic,0.5,77,0.36628800149024626,0.36787944117144233,0.0015914396811960718,1.734723475976807e-17
quadratic,0.5,78,0.36748218221102846,0.36787944117144233,0.000397258960413871,5.204170427930421e-18
quadratic,0.5,79,0.36636423375712057,0.36787944117144233,0.001515207414321762,1.5449880957918438e-17
quadratic,0.5,80,0.36716277363293415,0.36787944117144233,0.0007166675385081867,8.673617379884035e-18
quadratic,0.5,81,0.36661295828366647,0.36787944117144233,0.001266482887775866,1.1102230246251565e-16
quadratic,0.5,82,0.36684562745137095,0.36787944117144233,0.001033813720071386,1.1102230246251565e-16
quadratic,0.5,83,0.36699662746661127,0.36787944117144233,0.0008828137048310647,3.469446951953614e-18
quadratic,0.5,84,0.3666460167931196,0.36787944117144233,0.001233424378322745,1.9678269430611905e-16
quadratic,0.5,85,0.36744084203577343,0.36787944117144233,0.0004385991356689045,1.214306433183765e-17
quadratic,0.5,86,0.3665906183338274,0.36787944117144233,0.0012888228376149446,1.1102230246251565e-16
quadratic,0.5,87,0.3674915557284021,0.36787944117144233,0.00038788544304024786,2.220446049250313e-16
quadratic,0.5,88,0.3666968712578295,0.36787944117144233,0.0011825699136128187,1.4446993948369347e-17
quadratic,0.5,89,0.3672034598165247,0.36787944117144233,0.000675981354917643,1.1102230246251565e-16
quadratic,0.5,90,0.36692347333112335,0.36787944117144233,0.0009559678403189831,9.107298248878237e-18
quadratic,0.5,91,0.36696820002987074,0.36787944117144233,0.0009112411415715949,6.093216209368535e-17
quadratic,0.5,92,0.3672562610017804,0.36787944117144233,0.0006231801696619521,1.1102230246251565e-16
quadratic,0.5,93,0.3668281378004819,0.36787944117144233,0.0010513033709604325,2.220446049250313e-16
quadratic,0.5,94,0.3675954991793429,0.36787944117144233,0.0002839419920994124,1.3877787807814457e-17
quadratic,0.5,95,0.36682176715837433,0.36787944117144233,0.0010576740130679996,1.734723475976807e-17
quadratic,0.5,96,0.3674871490458329,0.36787944117144233,0.00039229212560942806,8.881784197001252e-16
quadratic,0.5,97,0.3669411119638758,0.36787944117144233,0.000938329207566535,5.551115123125783e-17
quadratic,0.5,98,0.3672448496024462,0.36787944117144233,0.0006345915689961457,1.1102230246251565e-16
quadratic,0.5,99,0.36715970209356175,0.36787944117144233,0.0007197390778805879,2.2768245622195593e-17
quadratic,0.5,100,0.3670709634230621,0.36787944117144233,0.0008084777483802208,2.220446049250313e-16
quadratic,0.9,10,NA,0.36787944117144233,NA,0.0
quadratic,0.9,11,0.5,0.36787944117144233,0.13212055882855767,0.0
quadratic,0.9,12,0.5,0.36787944117144233,0.13212055882855767,0.0
quadratic,0.9,13,0.5,0.36787944117144233,0.13212055882855767,0.0
quadratic,0.9,14,0.5,0.36787944117144233,0.13212055882855767,0.0
quadratic,0.9,15,0.5,0.36787944117144233,0.13212055882855767,0.0
quadratic,0.9,16,0.5,0.36787944117144233,0.13212055882855767,0.0
quadratic,0.9,17,0.5,0.36787944117144233,0.13212055882855767,0.0
quadratic,0.9,18,0.5,0.36787944117144233,0.13212055882855767,0.0
quadratic,0.9,19,0.5,0.36787944117144233,0.13212055882855767,0.0
quadratic,0.9,20,0.5,0.36787944117144233,0.13212055882855767,0.0
quadratic,0.9,21,0.5,0.36787944117144233,0.13212055882855767,0.0
quadratic,0.9,22,0.5,0.36787944117144233,0.13212055882855767,0.0
quadratic,0.9,23,0.5,0.36787944117144233,0.13212055882855767,0.0
quadratic,0.9,24,0.27963525835866215,0.36787944117144233,0.08824418281278018,0.0
quadratic,0.9,25,0.3265306122448983,0.36787944117144233,0.04134882892654401,0.0
quadratic,0.9,26,0.3676470588235295,0.36787944117144233,0.00023238234791284063,0.0
quadratic,0.9,27,0.40399556048834556,0.36787944117144233,0.03611611931690323,0.0
quadratic,0.9,28,0.43636363636363706,0.36787944117144233,0.06848419519219473,0.0
quadratic,0.9,29,0.4653739612188365,0.36787944117144233,0.09749452004739417,0.0
quadratic,0.9,30,0.49152542372881314,0.36787944117144233,0.1236459825573708,0.0
quadratic,0.9,31,0.5,0.36787944117144233,0.13212055882855767,0.0
quadratic,0.9,32,0.5,0.36787944117144233,0.13212055882855767,0.0
quadratic,0.9,33,0.5,0.36787944117144233,0.13212055882855767,0.0
quadratic,0.9,34,0.5,0.36787944117144233,0.13212055882855767,0.0
quadratic,0.9,35,0.5,0.36787944117144233,0.13212055882855767,0.0
quadratic,0.9,36,0.2772321428571422,0.36787944117144233,0.09064729831430013,0.0
quadratic,0.9,37,0.30453431372549067,0.36787944117144233,0.06334512744595167,0.0
quadratic,0.9,38,0.3288288288288283,0.36787944117144233,0.03905061234261403,0.0
quadratic,0.9,39,0.3505886426592802,0.36787944117144233,0.017290798512162142,0.0
quadratic,0.9,40,0.3701923076923082,0.36787944117144233,0.002312866520865875,0.0
quadratic,0.9,41,0.38794642857142914,0.36787944117144233,0.020066987399986802,0.0
quadratic,0.9,42,0.4041019955654106,0.36787944117144233,0.036222554393968265,0.0
quadratic,0.9,43,0.41886645962732894,0.36787944117144233,0.0509870184558866,0.0
quadratic,0.9,44,0.43241279069767435,0.36787944117144233,0.06453334952623202,0.0
quadratic,0.9,45,0.4448863636363634,0.36787944117144233,0.07700692246492108,0.0
quadratic,0.9,46,0.45641025641025673,0.36787944117144233,0.0885308152388144,0.0
quadratic,0.9,47,0.25362318840579695,0.36787944117144233,0.11425625276564538,0.0
quadratic,0.9,48,0.27963525835866215,0.36787944117144233,0.08824418281278018,0.0
quadratic,0.9,49,0.3038793103448277,0.36787944117144233,0.06400013082661465,0.0
quadratic,0.9,50,0.3265306122448983,0.36787944117144233,0.04134882892654401,0.0
quadratic,0.9,51,0.34567901234567855,0.36787944117144233,0.022200428825763785,0.0
quadratic,0.9,52,0.3600360036003605,0.36787944117144233,0.007843437571081857,0.0
quadratic,0.9,53,0.37315322921063726,0.36787944117144233,0.0052737880391949266,0.0
quadratic,0.9,54,0.385185185185185,0.36787944117144233,0.017305744013742685,0.0
quadratic,0.9,55,0.39626168224299047,0.36787944117144233,0.02838224107154813,0.0
quadratic,0.9,56,0.406492589978829,0.36787944117144233,0.038613148807386644,0.0
quadratic,0.9,57,0.39579072620448,0.36787944117144233,0.02791128503303769,6.776263578034403e-21
quadratic,0.9,58,0.3600269799088133,0.36787944117144233,0.007852461262629007,1.5081511300067623e-20
quadratic,0.9,59,0.2541229385307346,0.36787944117144233,0.11375650264070775,0.0
quadratic,0.9,60,0.2730294396961058,0.36787944117144233,0.09485000147533651,0.0
quadratic,0.9,61,0.2907291949037681,0.36787944117144233,0.07715024626767425,0.0
quadratic,0.9,62,0.3073347107438011,0.36787944117144233,0.06054473042764125,0.0
quadratic,0.9,63,0.3229448961156271,0.36787944117144233,0.044934545055815234,0.0
quadratic,0.9,64,0.3376470588235292,0.36787944117144233,0.030232382347913145,0.0
quadratic,0.9,65,0.351518560179978,0.36787944117144233,0.01636088099146432,0.0
quadratic,0.9,66,0.364628194085558,0.36787944117144233,0.0032512470858843123,0.0
quadratic,0.9,67,0.3770373426861973,0.36787944117144233,0.009157901514754985,0.0
quadratic,0.9,68,0.367039148184756,0.36787944117144233,0.0008402929866863085,2.3268898802983396e-20
quadratic,0.9,69,0.3598010902188414,0.36787944117144233,0.008078350952600954,5.421010862427522e-20
quadratic,0.9,70,0.35735868605294974,0.36787944117144233,0.010520755118492597,5.421010862427522e-20
quadratic,0.9,71,0.2716904398487867,0.36787944117144233,0.09618900132265562,2.710505431213761e-20
quadratic,0.9,72,0.2772321428571422,0.36787944117144233,0.09064729831430013,0.0
quadratic,0.9,73,0.29129321382842516,0.36787944117144233,0.07658622734301718,0.0
quadratic,0.9,74,0.30453431372549067,0.36787944117144233,0.06334512744595167,0.0
quadratic,0.9,75,0.3170254403131118,0.36787944117144233,0.05085400085833053,0.0
quadratic,0.9,76,0.3288288288288283,0.36787944117144233,0.03905061234261403,0.0
quadratic,0.9,77,0.33999999999999947,0.36787944117144233,0.027879441171442865,0.0
quadratic,0.9,78,0.34796768844130743,0.36787944117144233,0.019911752730134902,0.0
quadratic,0.9,79,0.3522574788188683,0.36787944117144233,0.015621962352574015,1.1102230246251565e-16
quadratic,0.9,80,0.3567801886967149,0.36787944117144233,0.011099252474727428,5.421010862427522e-20
quadratic,0.9,81,0.36142771609850327,0.36787944117144233,0.006451725072939063,5.421010862427522e-20
quadratic,0.9,82,0.35774187449493866,0.36787944117144233,0.010137566676503673,1.1102230246251565e-16
quadratic,0.9,83,0.3233127073516222,0.36787944117144233,0.044566733819820126,1.0842021724855044e-19
quadratic,0.9,84,0.316434509972542,0.36787944117144233,0.05144493119890031,1.1102230246251565e-16
quadratic,0.9,85,0.3176418770913103,0.36787944117144233,0.050237564080132024,0.0
quadratic,0.9,86,0.32209654168782664,0.36787944117144233,0.04578289948361569,3.74049749507499e-18
quadratic,0.9,87,0.32803934244795907,0.36787944117144233,0.039840098723483264,1.1102230246251565e-16
quadratic,0.9,88,0.33468874484425853,0.36787944117144233,0.0331906963271838,1.8973538018496328e-19
quadratic,0.9,89,0.34165244487799323,0.36787944117144233,0.0262269962934491,8.294146619514109e-18
quadratic,0.9,90,0.3487174079554094,0.36787944117144233,0.019162033216032937,8.131516293641283e-20
quadratic,0.9,91,0.3557619892309725,0.36787944117144233,0.012117451940469814,1.0842021724855044e-19
quadratic,0.9,92,0.3623206040651595,0.36787944117144233,0.0055588371062828545,0.0
quadratic,0.9,93,0.35961799399078376,0.36787944117144233,0.008261447180658577,1.1102230246251565e-16
quadratic,0.9,94,0.34301496265361925,0.36787944117144233,0.024864478517823085,2.168404344971009e-19
quadratic,0.9,95,0.3329918958383595,0.36787944117144233,0.03488754533308286,1.0842021724855044e-19
quadratic,0.9,96,0.33081861034348975,0.36787944117144233,0.037060830827952584,6.776263578034403e-21
quadratic,0.9,97,0.33228576455508535,0.36787944117144233,0.035593676616356984,5.421010862427522e-20
quadratic,0.9,98,0.3356393085518313,0.36787944117144233,0.03224013261961106,5.421010862427522e-19
quadratic,0.9,99,0.3400264710227214,0.36787944117144233,0.027852970148720957,2.220446049250313e-16
quadratic,0.9,100,0.3449884860260224,0.36787944117144233,0.022890955145419944,1.3552527156068805e-19
exponential,0.0,10,0.3644025464528679,0.36787944117144233,0.0034768947185744303,1.474514954580286e-17
exponential,0.0,11,0.36512461421639936,0.36787944117144233,0.002754826955042977,2.220446049250313e-16
exponential,0.0,12,0.36285129690145546,0.36787944117144233,0.005028144269986878,2.220446049250313e-16
exponential,0.0,13,0.36192753138206196,0.36787944117144233,0.005951909789380372,0.0
exponential,0.0,14,0.3625447423920849,0.36787944117144233,0.0053346987793574385,2.0816681711721685e-17
exponential,0.0,15,0.36446157049574185,0.36787944117144233,0.003417870675700485,2.220446049250313e-16
exponential,0.0,16,0.36650828565751065,0.36787944117144233,0.0013711555139316878,1.0408340855860843e-17
exponential,0.0,17,0.3666431755737512,0.36787944117144233,0.001236265597691133,1.3877787807814457e-17
exponential,0.0,18,0.3657005029633578,0.36787944117144233,0.0021789382080845132,4.440892098500626e-16
exponential,0.0,19,0.3651601932722564,0.36787944117144233,0.002719247899185928,1.1102230246251565e-16
exponential,0.0,20,0.365333478995427,0.36787944117144233,0.002545962176015326,5.191160001860595e-16
exponential,0.0,21,0.3660558306386643,0.36787944117144233,0.0018236105327780194,5.5077470362263625e-17
exponential,0.0,22,0.36703326726234464,0.36787944117144233,0.0008461739090976916,2.220446049250313e-16
exponential,0.0,23,0.3672687875410971,0.36787944117144233,0.000610653630345237,1.1102230246251565e-16
exponential,0.0,24,0.36674184530395293,0.36787944117144233,0.0011375958674894049,2.220446049250313e-16
exponential,0.0,25,0.36636774828693247,0.36787944117144233,0.0015116928845098632,1.8735013540549517e-16
exponential,0.0,26,0.36637603283875086,0.36787944117144233,0.0015034083326914693,1.1102230246251565e-16
exponential,0.0,27,0.36671369321648495,0.36787944117144233,0.0011657479549573857,1.1102230246251565e-16
exponential,0.0,28,0.36725026110460485,0.36787944117144233,0.000629180066837487,2.220446049250313e-16
exponential,0.0,29,0.367554006884576,0.36787944117144233,0.0003254342868663218,1.734723475976807e-17
exponential,0.0,30,0.3672091699731591,0.36787944117144233,0.0006702711982832232,3.0010716134398763e-16
exponential,0.0,31,0.3669490015453885,0.36787944117144233,0.000930439626053825,7.28583859910259e-17
exponential,0.0,32,0.36688749766980455,0.36787944117144233,0.000991943501637782,1.1102230246251565e-16
exponential,0.0,33,0.3670561694279944,0.36787944117144233,0.0008232717434479286,4.0549161250957866e-17
exponential,0.0,34,0.3673723000570945,0.36787944117144233,0.0005071411143478533,4.082021179407924e-17
exponential,0.0,35,0.367679228885628,0.36787944117144233,0.00020021228581434958,1.9984014443252818e-15
exponential,0.0,36,0.36747475565021254,0.36787944117144233,0.0004046855212297973,2.220446049250313e-16
exponential,0.0,37,0.3672731394894872,0.36787944117144233,0.0006063016819551348,6.661338147750939e-16
exponential,0.0,38,0.3671830807259802,0.36787944117144233,0.0006963604454621186,2.220446049250313e-16
exponential,0.0,39,0.36726313045186937,0.36787944117144233,0.0006163107195729656,8.187894806610529e-16
exponential,0.0,40,0.3674557713477064,0.36787944117144233,0.0004236698237359282,5.134781488891349e-16
exponential,0.0,41,0.36770411203260234,0.36787944117144233,0.0001753291388399969,2.220446049250313e-16
exponential,0.0,42,0.3676316146063502,0.36787944117144233,0.0002478265650921463,2.5326962749261384e-16
exponential,0.0,43,0.36746221340438606,0.36787944117144233,0.00041722776705627185,9.540979117872439e-18
exponential,0.0,44,0.36737293160600043,0.36787944117144233,0.0005065095654419038,4.440892098500626e-16
exponential,0.0,45,0.36740007233318306,0.36787944117144233,0.00047936883825927534,2.220446049250313e-16
exponential,0.0,46,0.36751957774127064,0.36787944117144233,0.00035986343017169187,8.070800971982095e-16
exponential,0.0,47,0.3677026122294892,0.36787944117144233,0.00017682894195314436,2.220446049250313e-16
exponential,0.0,48,0.36772883043731647,0.36787944117144233,0.00015061073412586667,4.440892098500626e-16
exponential,0.0,49,0.36759236195096584,0.36787944117144233,0.0002870792204764938,1.7763568394002505e-15
exponential,0.0,50,0.3675039970924834,0.36787944117144233,0.00037544407895895304,1.3877787807814457e-17
exponential,0.0,51,0.36749629809093953,0.36787944117144233,0.0003831430805028013,4.440892098500626e-16
exponential,0.0,52,0.3675699464743674,0.36787944117144233,0.00030949469707491906,4.85722573273506e-17
exponential,0.0,53,0.3677017345414667,0.36787944117144233,0.00017770662997562692,2.220446049250313e-16
exponential,0.0,54,0.3677866394454851,0.36787944117144233,9.280172595721448e-05,4.440892098500626e-16
exponential,0.0,55,0.3676807193525338,0.36787944117144233,0.00019872181890850937,1.1102230246251565e-15
exponential,0.0,56,0.3675968759327076,0.36787944117144233,0.00028256523873471107,4.440892098500626e-16
exponential,0.0,57,0.3675701860591357,0.36787944117144233,0.00030925511230661673,2.6645352591003757e-15
exponential,0.0,58,0.3676111590713645,0.36787944117144233,0.0002682821000778435,2.220446049250313e-16
exponential,0.0,59,0.3677053476029933,0.36787944117144233,0.00017409356844905188,3.382710778154774e-16
exponential,0.0,60,0.3678084693332344,0.36787944117144233,7.097183820792274e-05,3.1086244689504383e-15
exponential,0.0,61,0.36774408174463447,0.36787944117144233,0.0001353594268078684,6.661338147750939e-16
exponential,0.0,62,0.36766528349423816,0.36787944117144233,0.00021415767720417422,2.220446049250313e-16
exponential,0.0,63,0.36762915416566305,0.36787944117144233,0.00025028700577928165,9.992007221626409e-16
exponential,0.0,64,0.3676473239901658,0.36787944117144233,0.00023211718127652547,4.440892098500626e-16
exponential,0.0,65,0.36771244260957836,0.36787944117144233,0.00016699856186397355,2.220446049250313e-16
exponential,0.0,66,0.36780300512505215,0.36787944117144233,7.643604639018253e-05,4.440892098500626e-16
exponential,0.0,67,0.36778981157745233,0.36787944117144233,8.962959399000381e-05,7.112366251504909e-17
exponential,0.0,68,0.3677184147296325,0.36787944117144233,0.0001610264418098195,9.992007221626409e-16
exponential,0.0,69,0.36767742905895057,0.36787944117144233,0.00020201211249176731,1.3322676295501878e-15
exponential,0.0,70,0.36767933490786986,0.36787944117144233,0.00020010626357247485,6.84063808202573e-17
exponential,0.0,71,0.36772187197829365,0.36787944117144233,0.00015756919314868778,9.877081791342945e-16
exponential,0.0,72,0.3677944234990118,0.36787944117144233,8.501767243052072e-05,6.765421556309548e-17
exponential,0.0,73,0.3678216921503412,0.36787944117144233,5.774902110111668e-05,7.771561172376096e-16
exponential,0.0,74,0.36775999497188305,0.36787944117144233,0.00011944619955928104,1.1796119636642288e-16
exponential,0.0,75,0.36771628113541716,0.36787944117144233,0.00016316003602517837,2.220446049250313e-16
exponential,0.0,76,0.36770637655652266,0.36787944117144233,0.0001730646149196713,9.992007221626409e-16
exponential,0.0,77,0.36773304265614126,0.36787944117144233,0.00014639851530107162,4.0245584642661925e-16
exponential,0.0,78,0.36778846492531697,0.36787944117144233,9.09762461253627e-05,8.881784197001252e-16
exponential,0.0,79,0.3678394291836079,0.36787944117144233,4.001198783443183e-05,3.1086244689504383e-15
exponential,0.0,80,0.36779290646623153,0.36787944117144233,8.653470521080564e-05,9.575673587391975e-16
exponential,0.0,81,0.3677487743700305,0.36787944117144233,0.0001306668014118273,9.041215085869685e-08
exponential,0.0,82,0.36773086489591883,0.36787944117144233,0.00014857627552350428,4.440892098500626e-16
exponential,0.0,83,0.3677448751985496,0.36787944117144233,0.00013456597289274175,4.440892098500626e-16
exponential,0.0,84,0.3677858753334533,0.36787944117144233,9.356583798902918e-05,2.220446049250313e-16
exponential,0.0,85,0.36783881115903494,0.36787944117144233,4.063001240739439e-05,4.9474591035103543e-08
exponential,0.0,86,0.3678188421657362,0.36787944117144233,6.059900570615229e-05,9.270362255620057e-15
exponential,0.0,87,0.3677759549873392,0.36787944117144233,0.00010348618410310761,7.840950111415168e-16
exponential,0.0,88,0.3677533178714017,0.36787944117144233,0.000126123300040637,4.440892098500626e-16
exponential,0.0,89,0.36775703972874596,0.36787944117144233,0.00012240144269637376,2.200853500833322e-08
exponential,0.0,90,0.36778609222785336,0.36787944117144233,9.334894358897783e-05,6.661338147750939e-16
exponential,0.0,91,0.3678317737226333,0.36787944117144233,4.7667448809018964e-05,2.220446049250313e-16
exponential,0.0,92,0.36783864460363674,0.36787944117144233,4.0796567805589934e-05,2.220446049250313e-16
exponential,0.0,93,0.3677990719843032,0.36787944117144233,8.036918713910657e-05,2.220446049250313e-16
exponential,0.0,94,0.3677731272908055,0.36787944117144233,0.00010631388063681024,1.3322676295501878e-15
exponential,0.0,95,0.3677695029315732,0.36787944117144233,0.00010993823986915618,1.2160183174822253e-08
exponential,0.0,96,0.3677885606511269,0.36787944117144233,9.088052031541727e-05,3.774758283725532e-15
exponential,0.0,97,0.3678254152612646,0.36787944117144233,5.402591017772407e-05,1.3695641842836892e-15
exponential,0.0,98,0.36785192577772063,0.36787944117144233,2.7515393721699866e-05,3.4416913763379853e-15
exponential,0.0,99,0.36781863292428285,0.36787944117144233,6.080824715948285e-05,2.220446049250313e-16
exponential,0.0,100,0.36779106516159893,0.36787944117144233,8.837600984340499e-05,6.606745847625994e-08
exponential,0.5,10,0.34771947640095136,0.36787944117144233,0.02015996477049098,0.0
exponential,0.5,11,0.35894767740740513,0.36787944117144233,0.008931763764037204,2.220446049250313e-16
exponential,0.5,12,0.36212413407863603,0.36787944117144233,0.0057553070928063055,6.5052130349130266e-18
exponential,0.5,13,0.3580399450143091,0.36787944117144233,0.009839496157133254,0.0
exponential,0.5,14,0.3652548024039618,0.36787944117144233,0.002624638767480536,6.938893903907228e-18
exponential,0.5,15,0.36127058807118156,0.36787944117144233,0.00660885310026077,0.0
exponential,0.5,16,0.36111082270611167,0.36787944117144233,0.006768618465330667,3.469446951953614e-18
exponential,0.5,17,0.3662912192310037,0.36787944117144233,0.0015882219404386166,8.673617379884035e-18
exponential,0.5,18,0.363059670364791,0.36787944117144233,0.004819770806651358,1.1102230246251565e-16
exponential,0.5,19,0.3644690796154451,0.36787944117144233,0.003410361555997221,1.734723475976807e-18
exponential,0.5,20,0.3661072324831906,0.36787944117144233,0.0017722086882517307,2.220446049250313e-16
exponential,0.5,21,0.36351398150628234,0.36787944117144233,0.004365459665159999,5.421010862427522e-17
exponential,0.5,22,0.3657483723315541,0.36787944117144233,0.0021310688398882283,1.0408340855860843e-17
exponential,0.5,23,0.3659529693431796,0.36787944117144233,0.0019264718282627213,1.1102230246251565e-16
exponential,0.5,24,0.3650571045823575,0.36787944117144233,0.0028223365890848173,6.5052130349130266e-18
exponential,0.5,25,0.36719124336680786,0.36787944117144233,0.0006881978046344717,6.938893903907228e-18
exponential,0.5,26,0.365473474579808,0.36787944117144233,0.0024059665916343342,2.220446049250313e-16
exponential,0.5,27,0.3656835177237016,0.36787944117144233,0.002195923447740722,2.168404344971009e-18
exponential,0.5,28,0.367463658519231,0.36787944117144233,0.00041578265221131616,2.220446049250313e-16
exponential,0.5,29,0.3659287213778882,0.36787944117144233,0.0019507197935541565,3.122502256758253e-17
exponential,0.5,30,0.3667539485510799,0.36787944117144233,0.0011254926203624338,5.2475385148298415e-17
exponential,0.5,31,0.3667657769443375,0.36787944117144233,0.0011136642271048491,1.214306433183765e-17
exponential,0.5,32,0.3660409586444799,0.36787944117144233,0.0018384825269624483,1.1102230246251565e-16
exponential,0.5,33,0.36715357946308197,0.36787944117144233,0.0007258617083603647,6.938893903907228e-18
exponential,0.5,34,0.3667413580141862,0.36787944117144233,0.001138083157256109,2.220446049250313e-16
exponential,0.5,35,0.36666579094824386,0.36787944117144233,0.0012136502231984703,2.220446049250313e-16
exponential,0.5,36,0.3675635045041233,0.36787944117144233,0.00031593666731905,6.591949208711867e-17
exponential,0.5,37,0.3665689498201766,0.36787944117144233,0.001310491351265708,4.662069341687669e-18
exponential,0.5,38,0.3669460787944783,0.36787944117144233,0.0009333623769640087,2.220446049250313e-16
exponential,0.5,39,0.3674138055283468,0.36787944117144233,0.00046563564309554106,1.0408340855860843e-17
exponential,0.5,40,0.3668292656094468,0.36787944117144233,0.0010501755619955477,2.220446049250313e-16
exponential,0.5,41,0.3674568649399657,0.36787944117144233,0.0004225762314766235,1.1102230246251565e-16
exponential,0.5,42,0.36706912620963605,0.36787944117144233,0.0008103149618062799,2.220446049250313e-16
exponential,0.5,43,0.36693132696910996,0.36787944117144233,0.000948114202332373,2.220446049250313e-16
exponential,0.5,44,0.367632378888868,0.36787944117144233,0.0002470622825743174,2.42861286636753e-17
exponential,0.5,45,0.3671197986554782,0.36787944117144233,0.0007596425159641096,2.220446049250313e-16
exponential,0.5,46,0.3672928811427161,0.36787944117144233,0.0005865600287262573,8.673617379884035e-19
exponential,0.5,47,0.36751129442366853,0.36787944117144233,0.00036814674777380096,7.546047120499111e-17
exponential,0.5,48,0.3670634179507644,0.36787944117144233,0.0008160232206779194,1.734723475976807e-17
exponential,0.5,49,0.36746004155424206,0.36787944117144233,0.00041939961720027785,1.1275702593849246e-17
exponential,0.5,50,0.36742626035779735,0.36787944117144233,0.0004531808136449822,2.220446049250313e-16
exponential,0.5,51,0.3672667281835844,0.36787944117144233,0.0006127129878579218,6.938893903907228e-18
exponential,0.5,52,0.36775276342641167,0.36787944117144233,0.00012667774503066775,2.220446049250313e-16
exponential,0.5,53,0.36727262234461416,0.36787944117144233,0.0006068188268281705,3.5670251474773096e-17
exponential,0.5,54,0.36736081298646794,0.36787944117144233,0.0005186281849743901,2.220446049250313e-16
exponential,0.5,55,0.36771135709537994,0.36787944117144233,0.0001680840760623914,2.220446049250313e-16
exponential,0.5,56,0.36734850712895006,0.36787944117144233,0.0005309340424922704,3.1712913545201005e-17
exponential,0.5,57,0.3676026975348963,0.36787944117144233,0.0002767436365460063,2.220446049250313e-16
exponential,0.5,58,0.36750571621285427,0.36787944117144233,0.000373724958588062,2.220446049250313e-16
exponential,0.5,59,0.36735602740032974,0.36787944117144233,0.0005234137711125908,3.621235256101585e-17
exponential,0.5,60,0.3677101806691616,0.36787944117144233,0.00016926050228072143,2.220446049250313e-16
exponential,0.5,61,0.3674890368571309,0.36787944117144233,0.0003904043143114211,2.220446049250313e-16
exponential,0.5,62,0.3675212229091615,0.36787944117144233,0.0003582182622808294,2.220446049250313e-16
exponential,0.5,63,0.3677201467479902,0.36787944117144233,0.00015929442345213873,1.6479873021779667e-17
exponential,0.5,64,0.36742783340811325,0.36787944117144233,0.00045160776332908714,4.440892098500626e-16
exponential,0.5,65,0.3676020494566999,0.36787944117144233,0.0002773917147424476,1.1102230246251565e-16
exponential,0.5,66,0.36765524878490996,0.36787944117144233,0.0002241923865323736,6.028164079019405e-17
exponential,0.5,67,0.3675126647373379,0.36787944117144233,0.00036677643410443217,6.938893903907228e-17
exponential,0.5,68,0.36777397594850286,0.36787944117144233,0.00010546522293947147,2.220446049250313e-16
exponential,0.5,69,0.36754301191363015,0.36787944117144233,0.00033642925781218747,2.0708261494473135e-17
exponential,0.5,70,0.3675479307763695,0.36787944117144233,0.00033151039507284263,3.3306690738754696e-16
exponential,0.5,71,0.36780828384486924,0.36787944117144233,7.115732657309026e-05,2.220446049250313e-16
exponential,0.5,72,0.3675651124488819,0.36787944117144233,0.00031432872256043076,2.220446049250313e-16
exponential,0.5,73,0.3676825384405264,0.36787944117144233,0.00019690273091593768,4.440892098500626e-16
exponential,0.5,74,0.36767816741453063,0.36787944117144233,0.0002012737569117018,4.440892098500626e-16
exponential,0.5,75,0.36754901441972093,0.36787944117144233,0.0003304267517214021,3.73453438312632e-16
exponential,0.5,76,0.3677492232270869,0.36787944117144233,0.00013021794435541523,2.220446049250313e-16
exponential,0.5,77,0.3676514361865879,0.36787944117144233,0.0002280049848544241,2.220446049250313e-16
exponential,0.5,78,0.36763713205647663,0.36787944117144233,0.00024230911496569973,2.220446049250313e-16
exponential,0.5,79,0.3677988707402054,0.36787944117144233,8.057043123693708e-05,2.220446049250313e-16
exponential,0.5,80,0.3675964979653186,0.36787944117144233,0.00028294320612370916,1.1102230246251565e-15
exponential,0.5,81,0.3676804379223054,0.36787944117144233,0.0001990032491369087,4.440892098500626e-16
exponential,0.5,82,0.3677563958895704,0.36787944117144233,0.0001230452818719585,3.599551212651875e-17
exponential,0.5,83,0.36763660004154225,0.36787944117144233,0.00024284112990008433,1.3357370765021415e-16
exponential,0.5,84,0.36779009743961794,0.36787944117144233,8.934373182439836e-05,4.440892098500626e-16
exponential,0.5,85,0.36767188093890985,0.36787944117144233,0.0002075602325324888,2.2659825404947043e-17
exponential,0.5,86,0.3676488783425124,0.36787944117144233,0.00023056282892991442,4.440892098500626e-16
exponential,0.5,87,0.3678275690067413,0.36787944117144233,5.187216470103895e-05,8.881784197001252e-16
exponential,0.5,88,0.367673778247234,0.36787944117144233,0.00020566292420831633,2.220446049250313e-16
exponential,0.5,89,0.36773127145201306,0.36787944117144233,0.0001481697194292697,2.220446049250313e-16
exponential,0.5,90,0.36776161550886405,0.36787944117144233,0.00011782566257828586,6.661338147750939e-16
exponential,0.5,91,0.3676534030513089,0.36787944117144233,0.0002260381201334427,4.3747557659790104e-17
exponential,0.5,92,0.3677743280624307,0.36787944117144233,0.00010511310901162307,2.220446049250313e-16
exponential,0.5,93,0.3677353176466078,0.36787944117144233,0.0001441235248345607,2.220446049250313e-16
exponential,0.5,94,0.3677045297551268,0.36787944117144233,0.00017491141631553742,1.1102230246251565e-16
exponential,0.5,95,0.3678357947758829,0.36787944117144233,4.364639555942684e-05,2.220446049250313e-16
exponential,0.5,96,0.3676883618951345,0.36787944117144233,0.00019107927630784838,4.440892098500626e-16
exponential,0.5,97,0.36772848133820113,0.36787944117144233,0.00015095983324120432,2.220446049250313e-16
exponential,0.5,98,0.3678079358089667,0.36787944117144233,7.150536247563233e-05,2.220446049250313e-16
exponential,0.5,99,0.3677081914619728,0.36787944117144233,0.00017124970946952311,2.220446049250313e-16
exponential,0.5,100,0.3678028045268552,0.36787944117144233,7.663664458712471e-05,4.440892098500626e-16
exponential,0.9,10,0.5,0.36787944117144233,0.13212055882855767,0.0
exponential,0.9,11,0.5,0.36787944117144233,0.13212055882855767,0.0
exponential,0.9,12,0.5,0.36787944117144233,0.13212055882855767,0.0
exponential,0.9,13,0.5,0.36787944117144233,0.13212055882855767,0.0
exponential,0.9,14,0.5,0.36787944117144233,0.13212055882855767,0.0
exponential,0.9,15,0.5,0.36787944117144233,0.13212055882855767,0.0
exponential,0.9,16,0.5,0.36787944117144233,0.13212055882855767,0.0
exponential,0.9,17,0.5,0.36787944117144233,0.13212055882855767,0.0
exponential,0.9,18,0.5,0.36787944117144233,0.13212055882855767,0.0
exponential,0.9,19,0.5,0.36787944117144233,0.13212055882855767,0.0
exponential,0.9,20,0.2628177740940057,0.36787944117144233,0.10506166707743664,0.0
exponential,0.9,21,0.27467813145821934,0.36787944117144233,0.09320130971322299,0.0
exponential,0.9,22,0.2854100277804193,0.36787944117144233,0.08246941339102304,0.0
exponential,0.9,23,0.2951670599084364,0.36787944117144233,0.07271238126300594,0.0
exponential,0.9,24,0.30407618068041425,0.36787944117144233,0.06380326049102808,0.0
exponential,0.9,25,0.3122432322577162,0.36787944117144233,0.055636208913726115,0.0
exponential,0.9,26,0.3197571562907049,0.36787944117144233,0.04812228488073744,0.0
exponential,0.9,27,0.32669323571519415,0.36787944117144233,0.04118620545624818,0.0
exponential,0.9,28,0.33311561831185693,0.36787944117144233,0.0347638228595854,0.0
exponential,0.9,29,0.33907930098141525,0.36787944117144233,0.02880014019002708,0.0
exponential,0.9,30,0.34313580074265865,0.36787944117144233,0.024743640428783686,0.0
exponential,0.9,31,0.34676348741637175,0.36787944117144233,0.021115953755070582,2.220446049250313e-16
exponential,0.9,32,0.3506527815029241,0.36787944117144233,0.01722665966851822,0.0
exponential,0.9,33,0.35461577219859863,0.36787944117144233,0.0132636689728437,0.0
exponential,0.9,34,0.3585480779445009,0.36787944117144233,0.009331363226941447,0.0
exponential,0.9,35,0.36239143371322474,0.36787944117144233,0.005488007458217592,4.336808689942018e-19
exponential,0.9,36,0.3661140456678334,0.36787944117144233,0.0017653955036089353,1.1102230246251565e-16
exponential,0.9,37,0.3696997398834132,0.36787944117144233,0.0018202987119708691,0.0
exponential,0.9,38,0.37314172304196574,0.36787944117144233,0.005262281870523411,0.0
exponential,0.9,39,0.3670991911307141,0.36787944117144233,0.0007802500407282364,2.220446049250313e-16
exponential,0.9,40,0.36338153190558503,0.36787944117144233,0.004497909265857303,0.0
exponential,0.9,41,0.3615095461568156,0.36787944117144233,0.0063698950146267586,8.673617379884035e-19
exponential,0.9,42,0.3608450847229585,0.36787944117144233,0.007034356448483825,0.0
exponential,0.9,43,0.36099384792136685,0.36787944117144233,0.0068855932500754835,0.0
exponential,0.9,44,0.3617009533175696,0.36787944117144233,0.0061784878538727606,4.336808689942018e-19
exponential,0.9,45,0.3627957071738467,0.36787944117144233,0.005083733997595652,4.336808689942018e-19
exponential,0.9,46,0.36416053618531957,0.36787944117144233,0.003718904986122762,4.336808689942018e-19
exponential,0.9,47,0.3657126104610795,0.36787944117144233,0.0021668307103628326,0.0
exponential,0.9,48,0.36739251187912797,0.36787944117144233,0.0004869292923143642,4.336808689942018e-19
exponential,0.9,49,0.3691569981536518,0.36787944117144233,0.0012775569822094934,0.0
exponential,0.9,50,0.370974242713851,0.36787944117144233,0.003094801542408654,0.0
exponential,0.9,51,0.3679894770151664,0.36787944117144233,0.0001100358437240434,1.0842021724855044e-19
exponential,0.9,52,0.3633361279189748,0.36787944117144233,0.00454331325246754,4.336808689942018e-19
exponential,0.9,53,0.36035091985382794,0.36787944117144233,0.0075285213176143895,1.0842021724855044e-19
exponential,0.9,54,0.3581549514600788,0.36787944117144233,0.009724489711363526,0.0
exponential,0.9,55,0.3567638912474984,0.36787944117144233,0.011115549923943924,0.0
exponential,0.9,56,0.35612199260898236,0.36787944117144233,0.011757448562459971,8.673617379884035e-19
exponential,0.9,57,0.35603234552803037,0.36787944117144233,0.011847095643411965,0.0
exponential,0.9,58,0.35634762638010664,0.36787944117144233,0.011531814791335693,0.0
exponential,0.9,59,0.35697427097763507,0.36787944117144233,0.010905170193807268,5.421010862427522e-20
exponential,0.9,60,0.3578368020673939,0.36787944117144233,0.010042639104048456,1.1102230246251565e-16
exponential,0.9,61,0.3588779048252382,0.36787944117144233,0.009001536346204153,0.0
exponential,0.9,62,0.3600528495986838,0.36787944117144233,0.007826591572758557,8.673617379884035e-19
exponential,0.9,63,0.3613231787401977,0.36787944117144233,0.0065562624312446305,6.505213034913027e-19
exponential,0.9,64,0.3626701034003212,0.36787944117144233,0.0052093377711211475,2.168404344971009e-19
exponential,0.9,65,0.3640631458410659,0.36787944117144233,0.003816295330376418,2.168404344971009e-19
exponential,0.9,66,0.3653128151829268,0.36787944117144233,0.0025666259885155362,2.168404344971009e-19
exponential,0.9,67,0.36662360438316305,0.36787944117144233,0.0012558367882792854,1.3552527156068805e-19
exponential,0.9,68,0.3679785686266487,0.36787944117144233,9.912745520634925e-05,2.168404344971009e-19
exponential,0.9,69,0.3680373838219769,0.36787944117144233,0.00015794265053459267,0.0
exponential,0.9,70,0.36655047644661526,0.36787944117144233,0.0013289647248270753,1.734723475976807e-18
exponential,0.9,71,0.3655696655422436,0.36787944117144233,0.002309775629198707,8.673617379884035e-19
exponential,0.9,72,0.3649397296236995,0.36787944117144233,0.002939711547742807,1.3145951341386741e-18
exponential,0.9,73,0.3645928955893174,0.36787944117144233,0.0032865455821249334,0.0
exponential,0.9,74,0.36452200840360627,0.36787944117144233,0.003357432767836066,3.2526065174565133e-19
exponential,0.9,75,0.3646740482799271,0.36787944117144233,0.003205392891515224,4.336808689942018e-19
exponential,0.9,76,0.3650069542497934,0.36787944117144233,0.0028724869216489313,2.220446049250313e-16
exponential,0.9,77,0.3654870343047689,0.36787944117144233,0.0023924068666734133,0.0
exponential,0.9,78,0.3660870685915691,0.36787944117144233,0.001792372579873247,0.0
exponential,0.9,79,0.3667848993461638,0.36787944117144233,0.0010945418252785166,1.734723475976807e-18
exponential,0.9,80,0.36751518966747926,0.36787944117144233,0.0003642515039630756,2.220446049250313e-16
exponential,0.9,81,0.36830160188093053,0.36787944117144233,0.0004221607094881952,2.168404344971009e-19
exponential,0.9,82,0.3680166033481762,0.36787944117144233,0.00013716217673387376,4.336808689942018e-19
exponential,0.9,83,0.36641378511458084,0.36787944117144233,0.0014656560568614974,4.336808689942018e-19
exponential,0.9,84,0.36523504100406534,0.36787944117144233,0.0026444001673769923,1.1102230246251565e-16
exponential,0.9,85,0.36428137393808047,0.36787944117144233,0.003598067233361868,5.963111948670274e-19
exponential,0.9,86,0.3636399644941979,0.36787944117144233,0.004239476677244447,1.0842021724855044e-19
exponential,0.9,87,0.3632563269939454,0.36787944117144233,0.004623114177496945,8.673617379884035e-19
exponential,0.9,88,0.3630426402775263,0.36787944117144233,0.004836800893916027,1.1102230246251565e-16
exponential,0.9,89,0.3630106440541547,0.36787944117144233,0.00486879711728766,7.589415207398531e-19
exponential,0.9,90,0.3631366907596191,0.36787944117144233,0.00474275041182326,1.1102230246251565e-16
exponential,0.9,91,0.36339524574002274,0.36787944117144233,0.004484195431419591,2.220446049250313e-16
exponential,0.9,92,0.363765141607712,0.36787944117144233,0.004114299563730328,1.734723475976807e-18
exponential,0.9,93,0.3642287226133639,0.36787944117144233,0.003650718558078414,1.0842021724855044e-19
exponential,0.9,94,0.3647683266146831,0.36787944117144233,0.0031111145567592202,0.0
exponential,0.9,95,0.3653389065613891,0.36787944117144233,0.0025405346100532133,6.505213034913027e-19
exponential,0.9,96,0.3659689016272244,0.36787944117144233,0.0019105395442179374,2.220446049250313e-16
exponential,0.9,97,0.3666140325938982,0.36787944117144233,0.001265408577544147,2.220446049250313e-16
exponential,0.9,98,0.36728027170126515,0.36787944117144233,0.0005991694701771855,1.3010426069826053e-18
exponential,0.9,99,0.367990396413565,0.36787944117144233,0.00011095524212267893,1.734723475976807e-18
exponential,0.9,100,0.36766711033596816,0.36787944117144233,0.00021233083547417264,1.0842021724855044e-19
